朝楼,瘤痢,碍荐樊(mm)
2002-01-01,面巢,0.1
2002-01-02,面巢,0
2002-01-03,面巢,0
2002-01-04,面巢,0
2002-01-05,面巢,0
2002-01-06,面巢,0
2002-01-07,面巢,4.6
2002-01-08,面巢,0.5
2002-01-09,面巢,0
2002-01-10,面巢,0
2002-01-11,面巢,0
2002-01-12,面巢,0
2002-01-13,面巢,0
2002-01-14,面巢,0.8
2002-01-15,面巢,21.2
2002-01-16,面巢,9.7
2002-01-17,面巢,0.8
2002-01-18,面巢,0
2002-01-19,面巢,0
2002-01-20,面巢,7.3
2002-01-21,面巢,2.5
2002-01-22,面巢,0.1
2002-01-23,面巢,0
2002-01-24,面巢,0
2002-01-25,面巢,0
2002-01-26,面巢,4.8
2002-01-27,面巢,0.1
2002-01-28,面巢,0
2002-01-29,面巢,0
2002-01-30,面巢,0
2002-01-31,面巢,0
2002-02-01,面巢,0
2002-02-02,面巢,0
2002-02-03,面巢,0
2002-02-04,面巢,0
2002-02-05,面巢,0
2002-02-06,面巢,0
2002-02-07,面巢,0
2002-02-08,面巢,0
2002-02-09,面巢,0
2002-02-10,面巢,1
2002-02-11,面巢,1.6
2002-02-12,面巢,0
2002-02-13,面巢,0
2002-02-14,面巢,0
2002-02-15,面巢,0
2002-02-16,面巢,0
2002-02-17,面巢,0
2002-02-18,面巢,0
2002-02-19,面巢,0
2002-02-20,面巢,0
2002-02-21,面巢,3.8
2002-02-22,面巢,0
2002-02-23,面巢,0
2002-02-24,面巢,0
2002-02-25,面巢,0
2002-02-26,面巢,0
2002-02-27,面巢,0
2002-02-28,面巢,0
2002-03-01,面巢,0
2002-03-02,面巢,0
2002-03-03,面巢,0
2002-03-04,面巢,0
2002-03-05,面巢,5
2002-03-06,面巢,2
2002-03-07,面巢,0
2002-03-08,面巢,0
2002-03-09,面巢,0
2002-03-10,面巢,2.4
2002-03-11,面巢,0
2002-03-12,面巢,0
2002-03-13,面巢,0
2002-03-14,面巢,5
2002-03-15,面巢,0.1
2002-03-16,面巢,0
2002-03-17,面巢,0
2002-03-18,面巢,0
2002-03-19,面巢,0
2002-03-20,面巢,0
2002-03-21,面巢,11.8
2002-03-22,面巢,4
2002-03-23,面巢,0
2002-03-24,面巢,0
2002-03-25,面巢,0
2002-03-26,面巢,0
2002-03-27,面巢,0
2002-03-28,面巢,0
2002-03-29,面巢,0.1
2002-03-30,面巢,3.8
2002-03-31,面巢,0.1
2002-04-01,面巢,0
2002-04-02,面巢,0
2002-04-03,面巢,0
2002-04-04,面巢,0
2002-04-05,面巢,3.2
2002-04-06,面巢,15.9
2002-04-07,面巢,0
2002-04-08,面巢,0
2002-04-09,面巢,0
2002-04-10,面巢,0
2002-04-11,面巢,0
2002-04-12,面巢,1.9
2002-04-13,面巢,0
2002-04-14,面巢,0
2002-04-15,面巢,7.2
2002-04-16,面巢,53.8
2002-04-17,面巢,0
2002-04-18,面巢,0
2002-04-19,面巢,0
2002-04-20,面巢,0
2002-04-21,面巢,0
2002-04-22,面巢,0
2002-04-23,面巢,0
2002-04-24,面巢,0
2002-04-25,面巢,0
2002-04-26,面巢,0
2002-04-27,面巢,0
2002-04-28,面巢,0
2002-04-29,面巢,14.9
2002-04-30,面巢,56.8
2002-05-01,面巢,0.4
2002-05-02,面巢,2.3
2002-05-03,面巢,18.5
2002-05-04,面巢,0.4
2002-05-05,面巢,0
2002-05-06,面巢,27.9
2002-05-07,面巢,68.8
2002-05-08,面巢,0.2
2002-05-09,面巢,0
2002-05-10,面巢,0
2002-05-11,面巢,0
2002-05-12,面巢,0
2002-05-13,面巢,0
2002-05-14,面巢,1.1
2002-05-15,面巢,13.4
2002-05-16,面巢,1.6
2002-05-17,面巢,5
2002-05-18,面巢,2.4
2002-05-19,面巢,0
2002-05-20,面巢,0
2002-05-21,面巢,0
2002-05-22,面巢,0.4
2002-05-23,面巢,0
2002-05-24,面巢,0
2002-05-25,面巢,0
2002-05-26,面巢,0
2002-05-27,面巢,0
2002-05-28,面巢,0
2002-05-29,面巢,0
2002-05-30,面巢,2.2
2002-05-31,面巢,0.1
2002-06-01,面巢,0.2
2002-06-02,面巢,0
2002-06-03,面巢,0
2002-06-04,面巢,0.5
2002-06-05,面巢,0
2002-06-06,面巢,0
2002-06-07,面巢,0
2002-06-08,面巢,0
2002-06-09,面巢,0
2002-06-10,面巢,33.8
2002-06-11,面巢,2.1
2002-06-12,面巢,1.4
2002-06-13,面巢,0
2002-06-14,面巢,0
2002-06-15,面巢,0.7
2002-06-16,面巢,0
2002-06-17,面巢,0.1
2002-06-18,面巢,0
2002-06-19,面巢,0
2002-06-20,面巢,0
2002-06-21,面巢,0
2002-06-22,面巢,0
2002-06-23,面巢,11.7
2002-06-24,面巢,10.5
2002-06-25,面巢,0
2002-06-26,面巢,0
2002-06-27,面巢,0
2002-06-28,面巢,0
2002-06-29,面巢,0
2002-06-30,面巢,1.8
2002-07-01,面巢,12.8
2002-07-02,面巢,0.3
2002-07-03,面巢,0
2002-07-04,面巢,1.3
2002-07-05,面巢,45.5
2002-07-06,面巢,19.7
2002-07-07,面巢,0
2002-07-08,面巢,1
2002-07-09,面巢,1
2002-07-10,面巢,0
2002-07-11,面巢,0
2002-07-12,面巢,0
2002-07-13,面巢,0.1
2002-07-14,面巢,7.6
2002-07-15,面巢,0
2002-07-16,面巢,0
2002-07-17,面巢,0
2002-07-18,面巢,0
2002-07-19,面巢,54.1
2002-07-20,面巢,0.3
2002-07-21,面巢,0.5
2002-07-22,面巢,53
2002-07-23,面巢,19.8
2002-07-24,面巢,0
2002-07-25,面巢,0
2002-07-26,面巢,0.6
2002-07-27,面巢,0
2002-07-28,面巢,0
2002-07-29,面巢,0.2
2002-07-30,面巢,0.3
2002-07-31,面巢,0
2002-08-01,面巢,0
2002-08-02,面巢,0
2002-08-03,面巢,0.9
2002-08-04,面巢,0.4
2002-08-05,面巢,0.6
2002-08-06,面巢,136.7
2002-08-07,面巢,103.8
2002-08-08,面巢,3.9
2002-08-09,面巢,0.5
2002-08-10,面巢,32.9
2002-08-11,面巢,6.2
2002-08-12,面巢,9.1
2002-08-13,面巢,9.4
2002-08-14,面巢,12.8
2002-08-15,面巢,8.3
2002-08-16,面巢,2.1
2002-08-17,面巢,10.9
2002-08-18,面巢,0.5
2002-08-19,面巢,0.1
2002-08-20,面巢,0.8
2002-08-21,面巢,0
2002-08-22,面巢,17
2002-08-23,面巢,5.2
2002-08-24,面巢,0
2002-08-25,面巢,2.1
2002-08-26,面巢,0.8
2002-08-27,面巢,18.5
2002-08-28,面巢,1.2
2002-08-29,面巢,0
2002-08-30,面巢,1.3
2002-08-31,面巢,73.1
2002-09-01,面巢,10.8
2002-09-02,面巢,0
2002-09-03,面巢,0
2002-09-04,面巢,0
2002-09-05,面巢,1.6
2002-09-06,面巢,0
2002-09-07,面巢,0
2002-09-08,面巢,0
2002-09-09,面巢,0
2002-09-10,面巢,0
2002-09-11,面巢,0
2002-09-12,面巢,0
2002-09-13,面巢,0
2002-09-14,面巢,0.2
2002-09-15,面巢,15.8
2002-09-16,面巢,8.3
2002-09-17,面巢,0.1
2002-09-18,面巢,0
2002-09-19,面巢,0
2002-09-20,面巢,0
2002-09-21,面巢,0
2002-09-22,面巢,3.7
2002-09-23,面巢,3.2
2002-09-24,面巢,0
2002-09-25,面巢,0
2002-09-26,面巢,0
2002-09-27,面巢,0
2002-09-28,面巢,5.4
2002-09-29,面巢,10.2
2002-09-30,面巢,0.2
2002-10-01,面巢,0
2002-10-02,面巢,5.6
2002-10-03,面巢,0
2002-10-04,面巢,0
2002-10-05,面巢,34.8
2002-10-06,面巢,17.5
2002-10-07,面巢,0.9
2002-10-08,面巢,0
2002-10-09,面巢,0
2002-10-10,面巢,0
2002-10-11,面巢,0
2002-10-12,面巢,0
2002-10-13,面巢,0
2002-10-14,面巢,0
2002-10-15,面巢,11.1
2002-10-16,面巢,0
2002-10-17,面巢,0
2002-10-18,面巢,4.4
2002-10-19,面巢,0
2002-10-20,面巢,0.3
2002-10-21,面巢,0.3
2002-10-22,面巢,0
2002-10-23,面巢,0
2002-10-24,面巢,1.2
2002-10-25,面巢,0.1
2002-10-26,面巢,10.5
2002-10-27,面巢,0.8
2002-10-28,面巢,0.1
2002-10-29,面巢,0
2002-10-30,面巢,0
2002-10-31,面巢,0
2002-11-01,面巢,0
2002-11-02,面巢,3.3
2002-11-03,面巢,9.3
2002-11-04,面巢,0
2002-11-05,面巢,0
2002-11-06,面巢,0
2002-11-07,面巢,9.3
2002-11-08,面巢,2.3
2002-11-09,面巢,0
2002-11-10,面巢,0
2002-11-11,面巢,0
2002-11-12,面巢,0
2002-11-13,面巢,0.3
2002-11-14,面巢,0.6
2002-11-15,面巢,0
2002-11-16,面巢,0
2002-11-17,面巢,9.4
2002-11-18,面巢,0.8
2002-11-19,面巢,0
2002-11-20,面巢,0.8
2002-11-21,面巢,0
2002-11-22,面巢,0
2002-11-23,面巢,0
2002-11-24,面巢,0
2002-11-25,面巢,0
2002-11-26,面巢,2.2
2002-11-27,面巢,0
2002-11-28,面巢,0
2002-11-29,面巢,0.6
2002-11-30,面巢,0
2002-12-01,面巢,0
2002-12-02,面巢,0
2002-12-03,面巢,12.3
2002-12-04,面巢,7
2002-12-05,面巢,0
2002-12-06,面巢,0
2002-12-07,面巢,1.4
2002-12-08,面巢,5.7
2002-12-09,面巢,0
2002-12-10,面巢,0
2002-12-11,面巢,0.2
2002-12-12,面巢,0.5
2002-12-13,面巢,0
2002-12-14,面巢,0
2002-12-15,面巢,3
2002-12-16,面巢,6.7
2002-12-17,面巢,0
2002-12-18,面巢,0
2002-12-19,面巢,0
2002-12-20,面巢,0
2002-12-21,面巢,0
2002-12-22,面巢,0
2002-12-23,面巢,1.5
2002-12-24,面巢,1.2
2002-12-25,面巢,6.4
2002-12-26,面巢,0
2002-12-27,面巢,0
2002-12-28,面巢,0
2002-12-29,面巢,0
2002-12-30,面巢,0
2002-12-31,面巢,0
2003-01-01,面巢,0
2003-01-02,面巢,0
2003-01-03,面巢,4
2003-01-04,面巢,5.7
2003-01-05,面巢,0.1
2003-01-06,面巢,0
2003-01-07,面巢,0
2003-01-08,面巢,0
2003-01-09,面巢,0
2003-01-10,面巢,0
2003-01-11,面巢,0
2003-01-12,面巢,0
2003-01-13,面巢,0
2003-01-14,面巢,0
2003-01-15,面巢,0
2003-01-16,面巢,0
2003-01-17,面巢,0.2
2003-01-18,面巢,0
2003-01-19,面巢,0
2003-01-20,面巢,0.4
2003-01-21,面巢,0
2003-01-22,面巢,3.3
2003-01-23,面巢,0.3
2003-01-24,面巢,0
2003-01-25,面巢,0
2003-01-26,面巢,1.6
2003-01-27,面巢,3.9
2003-01-28,面巢,2.8
2003-01-29,面巢,0.3
2003-01-30,面巢,0.4
2003-01-31,面巢,0.2
2003-02-01,面巢,0.1
2003-02-02,面巢,0
2003-02-03,面巢,0
2003-02-04,面巢,0
2003-02-05,面巢,0
2003-02-06,面巢,0
2003-02-07,面巢,0
2003-02-08,面巢,10.5
2003-02-09,面巢,0.1
2003-02-10,面巢,0.7
2003-02-11,面巢,2.9
2003-02-12,面巢,0
2003-02-13,面巢,0
2003-02-14,面巢,0
2003-02-15,面巢,0
2003-02-16,面巢,0
2003-02-17,面巢,0
2003-02-18,面巢,0
2003-02-19,面巢,0
2003-02-20,面巢,0
2003-02-21,面巢,2
2003-02-22,面巢,30.7
2003-02-23,面巢,2.8
2003-02-24,面巢,0.7
2003-02-25,面巢,0
2003-02-26,面巢,0
2003-02-27,面巢,0
2003-02-28,面巢,0
2003-03-01,面巢,9
2003-03-02,面巢,2.8
2003-03-03,面巢,1.7
2003-03-04,面巢,0
2003-03-05,面巢,0
2003-03-06,面巢,7.1
2003-03-07,面巢,1.4
2003-03-08,面巢,0.2
2003-03-09,面巢,0
2003-03-10,面巢,0
2003-03-11,面巢,0
2003-03-12,面巢,0
2003-03-13,面巢,0
2003-03-14,面巢,0
2003-03-15,面巢,0.1
2003-03-16,面巢,7.2
2003-03-17,面巢,0.2
2003-03-18,面巢,0
2003-03-19,面巢,0
2003-03-20,面巢,0
2003-03-21,面巢,0.9
2003-03-22,面巢,0
2003-03-23,面巢,0
2003-03-24,面巢,0.2
2003-03-25,面巢,0
2003-03-26,面巢,0
2003-03-27,面巢,8.4
2003-03-28,面巢,0
2003-03-29,面巢,0
2003-03-30,面巢,0
2003-03-31,面巢,0
2003-04-01,面巢,0
2003-04-02,面巢,0
2003-04-03,面巢,0
2003-04-04,面巢,0
2003-04-05,面巢,0
2003-04-06,面巢,0
2003-04-07,面巢,13.7
2003-04-08,面巢,10.6
2003-04-09,面巢,0
2003-04-10,面巢,0
2003-04-11,面巢,10.2
2003-04-12,面巢,0.1
2003-04-13,面巢,0
2003-04-14,面巢,0
2003-04-15,面巢,0
2003-04-16,面巢,0
2003-04-17,面巢,0
2003-04-18,面巢,24.1
2003-04-19,面巢,7.1
2003-04-20,面巢,6.2
2003-04-21,面巢,0
2003-04-22,面巢,0.6
2003-04-23,面巢,19.7
2003-04-24,面巢,2.2
2003-04-25,面巢,46.3
2003-04-26,面巢,0
2003-04-27,面巢,0
2003-04-28,面巢,0
2003-04-29,面巢,45.5
2003-04-30,面巢,0
2003-05-01,面巢,0
2003-05-02,面巢,0
2003-05-03,面巢,0
2003-05-04,面巢,0
2003-05-05,面巢,0
2003-05-06,面巢,18.3
2003-05-07,面巢,33.5
2003-05-08,面巢,0.6
2003-05-09,面巢,0
2003-05-10,面巢,0
2003-05-11,面巢,0
2003-05-12,面巢,0
2003-05-13,面巢,0
2003-05-14,面巢,0
2003-05-15,面巢,0.2
2003-05-16,面巢,0
2003-05-17,面巢,0
2003-05-18,面巢,0
2003-05-19,面巢,0
2003-05-20,面巢,0
2003-05-21,面巢,0
2003-05-22,面巢,0
2003-05-23,面巢,0
2003-05-24,面巢,14.7
2003-05-25,面巢,26.5
2003-05-26,面巢,0
2003-05-27,面巢,0
2003-05-28,面巢,0
2003-05-29,面巢,10.4
2003-05-30,面巢,15.5
2003-05-31,面巢,0
2003-06-01,面巢,0
2003-06-02,面巢,0
2003-06-03,面巢,0
2003-06-04,面巢,0
2003-06-05,面巢,0
2003-06-06,面巢,0.8
2003-06-07,面巢,0
2003-06-08,面巢,0
2003-06-09,面巢,0
2003-06-10,面巢,0
2003-06-11,面巢,12.6
2003-06-12,面巢,14.5
2003-06-13,面巢,0.1
2003-06-14,面巢,1
2003-06-15,面巢,1.4
2003-06-16,面巢,0
2003-06-17,面巢,0
2003-06-18,面巢,0
2003-06-19,面巢,3
2003-06-20,面巢,0
2003-06-21,面巢,0.3
2003-06-22,面巢,0
2003-06-23,面巢,26.4
2003-06-24,面巢,0.3
2003-06-25,面巢,0.3
2003-06-26,面巢,0
2003-06-27,面巢,121.5
2003-06-28,面巢,1.4
2003-06-29,面巢,0
2003-06-30,面巢,0.2
2003-07-01,面巢,3.1
2003-07-02,面巢,7.4
2003-07-03,面巢,41.3
2003-07-04,面巢,1
2003-07-05,面巢,3.9
2003-07-06,面巢,13.5
2003-07-07,面巢,0.7
2003-07-08,面巢,9.3
2003-07-09,面巢,75.6
2003-07-10,面巢,14.2
2003-07-11,面巢,2.4
2003-07-12,面巢,12.5
2003-07-13,面巢,35.4
2003-07-14,面巢,0
2003-07-15,面巢,0
2003-07-16,面巢,0
2003-07-17,面巢,3.8
2003-07-18,面巢,36
2003-07-19,面巢,1.9
2003-07-20,面巢,7.1
2003-07-21,面巢,0.5
2003-07-22,面巢,76.6
2003-07-23,面巢,17.6
2003-07-24,面巢,4
2003-07-25,面巢,20.6
2003-07-26,面巢,0.3
2003-07-27,面巢,12.4
2003-07-28,面巢,26.1
2003-07-29,面巢,9.3
2003-07-30,面巢,0
2003-07-31,面巢,0
2003-08-01,面巢,0
2003-08-02,面巢,0
2003-08-03,面巢,0.8
2003-08-04,面巢,12.1
2003-08-05,面巢,0.4
2003-08-06,面巢,8.4
2003-08-07,面巢,24.7
2003-08-08,面巢,0
2003-08-09,面巢,0
2003-08-10,面巢,2.9
2003-08-11,面巢,3.7
2003-08-12,面巢,0
2003-08-13,面巢,0
2003-08-14,面巢,0
2003-08-15,面巢,0
2003-08-16,面巢,0.7
2003-08-17,面巢,3.8
2003-08-18,面巢,28.4
2003-08-19,面巢,69.6
2003-08-20,面巢,11.6
2003-08-21,面巢,26.9
2003-08-22,面巢,0.1
2003-08-23,面巢,0.8
2003-08-24,面巢,1.9
2003-08-25,面巢,5.7
2003-08-26,面巢,1.1
2003-08-27,面巢,53.1
2003-08-28,面巢,1.3
2003-08-29,面巢,0
2003-08-30,面巢,16.3
2003-08-31,面巢,2.6
2003-09-01,面巢,0
2003-09-02,面巢,10.6
2003-09-03,面巢,17.5
2003-09-04,面巢,0
2003-09-05,面巢,29.2
2003-09-06,面巢,0
2003-09-07,面巢,18.3
2003-09-08,面巢,16.9
2003-09-09,面巢,33.2
2003-09-10,面巢,0
2003-09-11,面巢,0.4
2003-09-12,面巢,42.6
2003-09-13,面巢,4.9
2003-09-14,面巢,0
2003-09-15,面巢,0
2003-09-16,面巢,0
2003-09-17,面巢,0
2003-09-18,面巢,15.8
2003-09-19,面巢,0.3
2003-09-20,面巢,1
2003-09-21,面巢,0
2003-09-22,面巢,0
2003-09-23,面巢,0
2003-09-24,面巢,0
2003-09-25,面巢,0
2003-09-26,面巢,0
2003-09-27,面巢,0
2003-09-28,面巢,0
2003-09-29,面巢,0
2003-09-30,面巢,0
2003-10-01,面巢,1.8
2003-10-02,面巢,0.1
2003-10-03,面巢,0
2003-10-04,面巢,0
2003-10-05,面巢,0
2003-10-06,面巢,0
2003-10-07,面巢,0
2003-10-08,面巢,0
2003-10-09,面巢,0
2003-10-10,面巢,0
2003-10-11,面巢,0
2003-10-12,面巢,1.4
2003-10-13,面巢,11.9
2003-10-14,面巢,0.2
2003-10-15,面巢,0
2003-10-16,面巢,0
2003-10-17,面巢,0
2003-10-18,面巢,0
2003-10-19,面巢,0
2003-10-20,面巢,0
2003-10-21,面巢,0.2
2003-10-22,面巢,0.9
2003-10-23,面巢,0
2003-10-24,面巢,0
2003-10-25,面巢,0
2003-10-26,面巢,0
2003-10-27,面巢,0
2003-10-28,面巢,7.5
2003-10-29,面巢,0
2003-10-30,面巢,0
2003-10-31,面巢,0
2003-11-01,面巢,0
2003-11-02,面巢,0
2003-11-03,面巢,0
2003-11-04,面巢,0
2003-11-05,面巢,0
2003-11-06,面巢,0
2003-11-07,面巢,0
2003-11-08,面巢,11.8
2003-11-09,面巢,0.1
2003-11-10,面巢,4.5
2003-11-11,面巢,5.2
2003-11-12,面巢,3.4
2003-11-13,面巢,0
2003-11-14,面巢,0
2003-11-15,面巢,1.3
2003-11-16,面巢,0
2003-11-17,面巢,0
2003-11-18,面巢,0
2003-11-19,面巢,0
2003-11-20,面巢,3.1
2003-11-21,面巢,0.1
2003-11-22,面巢,0
2003-11-23,面巢,0
2003-11-24,面巢,0
2003-11-25,面巢,1.7
2003-11-26,面巢,0.4
2003-11-27,面巢,7.4
2003-11-28,面巢,4.1
2003-11-29,面巢,0.4
2003-11-30,面巢,0
2003-12-01,面巢,0
2003-12-02,面巢,0
2003-12-03,面巢,0
2003-12-04,面巢,0
2003-12-05,面巢,5.2
2003-12-06,面巢,4
2003-12-07,面巢,0
2003-12-08,面巢,1.3
2003-12-09,面巢,0
2003-12-10,面巢,0
2003-12-11,面巢,0.6
2003-12-12,面巢,0.6
2003-12-13,面巢,0
2003-12-14,面巢,0
2003-12-15,面巢,0
2003-12-16,面巢,0.6
2003-12-17,面巢,2.8
2003-12-18,面巢,0
2003-12-19,面巢,0.2
2003-12-20,面巢,0
2003-12-21,面巢,0
2003-12-22,面巢,0
2003-12-23,面巢,0
2003-12-24,面巢,0
2003-12-25,面巢,0
2003-12-26,面巢,0
2003-12-27,面巢,0
2003-12-28,面巢,0
2003-12-29,面巢,0.3
2003-12-30,面巢,0
2003-12-31,面巢,0
2004-01-01,面巢,0
2004-01-02,面巢,3.3
2004-01-03,面巢,0
2004-01-04,面巢,0
2004-01-05,面巢,0
2004-01-06,面巢,0
2004-01-07,面巢,0
2004-01-08,面巢,0
2004-01-09,面巢,0
2004-01-10,面巢,0
2004-01-11,面巢,0
2004-01-12,面巢,1.9
2004-01-13,面巢,1.6
2004-01-14,面巢,0
2004-01-15,面巢,0
2004-01-16,面巢,0
2004-01-17,面巢,4.9
2004-01-18,面巢,2.6
2004-01-19,面巢,0.1
2004-01-20,面巢,1.5
2004-01-21,面巢,1.3
2004-01-22,面巢,0.5
2004-01-23,面巢,0.2
2004-01-24,面巢,0.3
2004-01-25,面巢,1
2004-01-26,面巢,0
2004-01-27,面巢,0
2004-01-28,面巢,0
2004-01-29,面巢,0
2004-01-30,面巢,0
2004-01-31,面巢,0
2004-02-01,面巢,0
2004-02-02,面巢,0
2004-02-03,面巢,0
2004-02-04,面巢,2.3
2004-02-05,面巢,1.6
2004-02-06,面巢,1.9
2004-02-07,面巢,0.4
2004-02-08,面巢,0
2004-02-09,面巢,0
2004-02-10,面巢,0
2004-02-11,面巢,0
2004-02-12,面巢,0
2004-02-13,面巢,0
2004-02-14,面巢,0.2
2004-02-15,面巢,0
2004-02-16,面巢,0
2004-02-17,面巢,0
2004-02-18,面巢,0
2004-02-19,面巢,0
2004-02-20,面巢,0
2004-02-21,面巢,10.9
2004-02-22,面巢,6.4
2004-02-23,面巢,0
2004-02-24,面巢,0
2004-02-25,面巢,0
2004-02-26,面巢,0
2004-02-27,面巢,0.4
2004-02-28,面巢,1.2
2004-02-29,面巢,0.5
2004-03-01,面巢,0
2004-03-02,面巢,0
2004-03-03,面巢,0.9
2004-03-04,面巢,1
2004-03-05,面巢,28.8
2004-03-06,面巢,0.5
2004-03-07,面巢,0
2004-03-08,面巢,0
2004-03-09,面巢,0
2004-03-10,面巢,0
2004-03-11,面巢,0
2004-03-12,面巢,0
2004-03-13,面巢,0
2004-03-14,面巢,0
2004-03-15,面巢,0
2004-03-16,面巢,0
2004-03-17,面巢,3.1
2004-03-18,面巢,0
2004-03-19,面巢,0
2004-03-20,面巢,0
2004-03-21,面巢,0.1
2004-03-22,面巢,1.1
2004-03-23,面巢,0
2004-03-24,面巢,0.2
2004-03-25,面巢,0
2004-03-26,面巢,0
2004-03-27,面巢,0
2004-03-28,面巢,0
2004-03-29,面巢,0.2
2004-03-30,面巢,0
2004-03-31,面巢,0
2004-04-01,面巢,9.9
2004-04-02,面巢,1.1
2004-04-03,面巢,0
2004-04-04,面巢,0
2004-04-05,面巢,0
2004-04-06,面巢,1.1
2004-04-07,面巢,0
2004-04-08,面巢,0
2004-04-09,面巢,0
2004-04-10,面巢,0
2004-04-11,面巢,0
2004-04-12,面巢,0
2004-04-13,面巢,0
2004-04-14,面巢,0
2004-04-15,面巢,0
2004-04-16,面巢,0
2004-04-17,面巢,0
2004-04-18,面巢,8.8
2004-04-19,面巢,5
2004-04-20,面巢,0
2004-04-21,面巢,0
2004-04-22,面巢,0.2
2004-04-23,面巢,0
2004-04-24,面巢,0
2004-04-25,面巢,0
2004-04-26,面巢,34.3
2004-04-27,面巢,10.5
2004-04-28,面巢,0
2004-04-29,面巢,0
2004-04-30,面巢,0
2004-05-01,面巢,0
2004-05-02,面巢,1.3
2004-05-03,面巢,17.5
2004-05-04,面巢,2
2004-05-05,面巢,0
2004-05-06,面巢,0
2004-05-07,面巢,0
2004-05-08,面巢,5.7
2004-05-09,面巢,27.2
2004-05-10,面巢,5.2
2004-05-11,面巢,0
2004-05-12,面巢,19.4
2004-05-13,面巢,0.6
2004-05-14,面巢,0
2004-05-15,面巢,1.8
2004-05-16,面巢,0
2004-05-17,面巢,0
2004-05-18,面巢,0
2004-05-19,面巢,0
2004-05-20,面巢,1
2004-05-21,面巢,2.9
2004-05-22,面巢,0
2004-05-23,面巢,0
2004-05-24,面巢,0
2004-05-25,面巢,0
2004-05-26,面巢,0
2004-05-27,面巢,0.6
2004-05-28,面巢,28.6
2004-05-29,面巢,0.2
2004-05-30,面巢,0.4
2004-05-31,面巢,0.2
2004-06-01,面巢,0
2004-06-02,面巢,0
2004-06-03,面巢,0
2004-06-04,面巢,0
2004-06-05,面巢,0
2004-06-06,面巢,0
2004-06-07,面巢,0.7
2004-06-08,面巢,4.8
2004-06-09,面巢,0
2004-06-10,面巢,0
2004-06-11,面巢,0
2004-06-12,面巢,0
2004-06-13,面巢,0
2004-06-14,面巢,0
2004-06-15,面巢,0
2004-06-16,面巢,0
2004-06-17,面巢,40.8
2004-06-18,面巢,0.5
2004-06-19,面巢,108.2
2004-06-20,面巢,57.4
2004-06-21,面巢,22.8
2004-06-22,面巢,36.2
2004-06-23,面巢,1.4
2004-06-24,面巢,1.8
2004-06-25,面巢,2.2
2004-06-26,面巢,1.6
2004-06-27,面巢,0
2004-06-28,面巢,0
2004-06-29,面巢,0
2004-06-30,面巢,0
2004-07-01,面巢,1.9
2004-07-02,面巢,14.8
2004-07-03,面巢,23.8
2004-07-04,面巢,25
2004-07-05,面巢,5.7
2004-07-06,面巢,0.1
2004-07-07,面巢,41.6
2004-07-08,面巢,1.2
2004-07-09,面巢,0
2004-07-10,面巢,0.4
2004-07-11,面巢,13.8
2004-07-12,面巢,41.4
2004-07-13,面巢,5.7
2004-07-14,面巢,8.5
2004-07-15,面巢,46.6
2004-07-16,面巢,36
2004-07-17,面巢,61.3
2004-07-18,面巢,0
2004-07-19,面巢,0.1
2004-07-20,面巢,0.3
2004-07-21,面巢,0
2004-07-22,面巢,0
2004-07-23,面巢,0
2004-07-24,面巢,0
2004-07-25,面巢,2.2
2004-07-26,面巢,0
2004-07-27,面巢,0
2004-07-28,面巢,0
2004-07-29,面巢,0
2004-07-30,面巢,0
2004-07-31,面巢,0
2004-08-01,面巢,0
2004-08-02,面巢,0
2004-08-03,面巢,5.8
2004-08-04,面巢,19.4
2004-08-05,面巢,1.2
2004-08-06,面巢,0
2004-08-07,面巢,0
2004-08-08,面巢,0
2004-08-09,面巢,8.6
2004-08-10,面巢,6.1
2004-08-11,面巢,0
2004-08-12,面巢,0
2004-08-13,面巢,0
2004-08-14,面巢,3.5
2004-08-15,面巢,0.2
2004-08-16,面巢,38.4
2004-08-17,面巢,19
2004-08-18,面巢,62.4
2004-08-19,面巢,25.2
2004-08-20,面巢,2.1
2004-08-21,面巢,0.5
2004-08-22,面巢,5.4
2004-08-23,面巢,6
2004-08-24,面巢,0
2004-08-25,面巢,1.7
2004-08-26,面巢,15.2
2004-08-27,面巢,0
2004-08-28,面巢,0
2004-08-29,面巢,0
2004-08-30,面巢,0
2004-08-31,面巢,0
2004-09-01,面巢,0
2004-09-02,面巢,0
2004-09-03,面巢,0
2004-09-04,面巢,0
2004-09-05,面巢,0.7
2004-09-06,面巢,9.4
2004-09-07,面巢,20.7
2004-09-08,面巢,0
2004-09-09,面巢,0
2004-09-10,面巢,0.6
2004-09-11,面巢,52.7
2004-09-12,面巢,20.6
2004-09-13,面巢,10.1
2004-09-14,面巢,1
2004-09-15,面巢,0.1
2004-09-16,面巢,34.6
2004-09-17,面巢,3.3
2004-09-18,面巢,11.1
2004-09-19,面巢,0
2004-09-20,面巢,28.1
2004-09-21,面巢,0.2
2004-09-22,面巢,0
2004-09-23,面巢,0
2004-09-24,面巢,0
2004-09-25,面巢,0
2004-09-26,面巢,0.6
2004-09-27,面巢,0
2004-09-28,面巢,0
2004-09-29,面巢,0
2004-09-30,面巢,0
2004-10-01,面巢,1.6
2004-10-02,面巢,0
2004-10-03,面巢,0
2004-10-04,面巢,0
2004-10-05,面巢,0
2004-10-06,面巢,0
2004-10-07,面巢,0
2004-10-08,面巢,0
2004-10-09,面巢,0
2004-10-10,面巢,0
2004-10-11,面巢,0
2004-10-12,面巢,0.1
2004-10-13,面巢,1.1
2004-10-14,面巢,0
2004-10-15,面巢,0
2004-10-16,面巢,0
2004-10-17,面巢,0
2004-10-18,面巢,0
2004-10-19,面巢,0
2004-10-20,面巢,0
2004-10-21,面巢,0
2004-10-22,面巢,0
2004-10-23,面巢,0
2004-10-24,面巢,0
2004-10-25,面巢,0
2004-10-26,面巢,0
2004-10-27,面巢,0
2004-10-28,面巢,0
2004-10-29,面巢,0
2004-10-30,面巢,0
2004-10-31,面巢,0
2004-11-01,面巢,12.9
2004-11-02,面巢,3.8
2004-11-03,面巢,1.6
2004-11-04,面巢,0
2004-11-05,面巢,3.3
2004-11-06,面巢,0.5
2004-11-07,面巢,0
2004-11-08,面巢,0
2004-11-09,面巢,0
2004-11-10,面巢,12.4
2004-11-11,面巢,0.4
2004-11-12,面巢,0
2004-11-13,面巢,0.1
2004-11-14,面巢,0
2004-11-15,面巢,0.1
2004-11-16,面巢,0
2004-11-17,面巢,0
2004-11-18,面巢,1.2
2004-11-19,面巢,0
2004-11-20,面巢,0
2004-11-21,面巢,0
2004-11-22,面巢,0
2004-11-23,面巢,0
2004-11-24,面巢,0
2004-11-25,面巢,0
2004-11-26,面巢,18.4
2004-11-27,面巢,0
2004-11-28,面巢,0
2004-11-29,面巢,0
2004-11-30,面巢,0
2004-12-01,面巢,0
2004-12-02,面巢,0
2004-12-03,面巢,0.6
2004-12-04,面巢,26.5
2004-12-05,面巢,0
2004-12-06,面巢,2.7
2004-12-07,面巢,0.6
2004-12-08,面巢,0
2004-12-09,面巢,0
2004-12-10,面巢,0
2004-12-11,面巢,0
2004-12-12,面巢,0
2004-12-13,面巢,0
2004-12-14,面巢,0
2004-12-15,面巢,3.4
2004-12-16,面巢,0
2004-12-17,面巢,0
2004-12-18,面巢,0
2004-12-19,面巢,1.2
2004-12-20,面巢,1.1
2004-12-21,面巢,0
2004-12-22,面巢,0
2004-12-23,面巢,0
2004-12-24,面巢,0
2004-12-25,面巢,0
2004-12-26,面巢,0
2004-12-27,面巢,0
2004-12-28,面巢,0
2004-12-29,面巢,0.1
2004-12-30,面巢,0
2004-12-31,面巢,0.1
2005-01-01,面巢,0
2005-01-02,面巢,0
2005-01-03,面巢,0.2
2005-01-04,面巢,0
2005-01-05,面巢,0
2005-01-06,面巢,0
2005-01-07,面巢,0
2005-01-08,面巢,0.2
2005-01-09,面巢,0
2005-01-10,面巢,0.6
2005-01-11,面巢,0
2005-01-12,面巢,0
2005-01-13,面巢,0
2005-01-14,面巢,0
2005-01-15,面巢,0
2005-01-16,面巢,0
2005-01-17,面巢,0
2005-01-18,面巢,1.9
2005-01-19,面巢,0
2005-01-20,面巢,0.4
2005-01-21,面巢,0
2005-01-22,面巢,0
2005-01-23,面巢,0
2005-01-24,面巢,0
2005-01-25,面巢,0.9
2005-01-26,面巢,0.2
2005-01-27,面巢,0
2005-01-28,面巢,0
2005-01-29,面巢,1.2
2005-01-30,面巢,0
2005-01-31,面巢,1.3
2005-02-01,面巢,0.1
2005-02-02,面巢,0.2
2005-02-03,面巢,0
2005-02-04,面巢,0
2005-02-05,面巢,0
2005-02-06,面巢,0
2005-02-07,面巢,0.4
2005-02-08,面巢,1
2005-02-09,面巢,0
2005-02-10,面巢,0
2005-02-11,面巢,0
2005-02-12,面巢,0
2005-02-13,面巢,0
2005-02-14,面巢,0
2005-02-15,面巢,15
2005-02-16,面巢,15.8
2005-02-17,面巢,0
2005-02-18,面巢,0.5
2005-02-19,面巢,0.6
2005-02-20,面巢,0.3
2005-02-21,面巢,0.5
2005-02-22,面巢,0.2
2005-02-23,面巢,0
2005-02-24,面巢,0
2005-02-25,面巢,0
2005-02-26,面巢,0
2005-02-27,面巢,0
2005-02-28,面巢,0
2005-03-01,面巢,0
2005-03-02,面巢,0.2
2005-03-03,面巢,0
2005-03-04,面巢,0
2005-03-05,面巢,0
2005-03-06,面巢,0
2005-03-07,面巢,0
2005-03-08,面巢,0
2005-03-09,面巢,0
2005-03-10,面巢,3.6
2005-03-11,面巢,2
2005-03-12,面巢,0
2005-03-13,面巢,0
2005-03-14,面巢,0
2005-03-15,面巢,2.3
2005-03-16,面巢,0.4
2005-03-17,面巢,10.2
2005-03-18,面巢,0
2005-03-19,面巢,0
2005-03-20,面巢,0
2005-03-21,面巢,1.3
2005-03-22,面巢,14.9
2005-03-23,面巢,0
2005-03-24,面巢,1.2
2005-03-25,面巢,0
2005-03-26,面巢,0
2005-03-27,面巢,0
2005-03-28,面巢,0
2005-03-29,面巢,0
2005-03-30,面巢,0
2005-03-31,面巢,0
2005-04-01,面巢,0
2005-04-02,面巢,0
2005-04-03,面巢,0.2
2005-04-04,面巢,0
2005-04-05,面巢,0
2005-04-06,面巢,1.3
2005-04-07,面巢,0
2005-04-08,面巢,0
2005-04-09,面巢,23.2
2005-04-10,面巢,22.4
2005-04-11,面巢,0
2005-04-12,面巢,0
2005-04-13,面巢,0
2005-04-14,面巢,0
2005-04-15,面巢,0
2005-04-16,面巢,0
2005-04-17,面巢,0
2005-04-18,面巢,0.4
2005-04-19,面巢,10
2005-04-20,面巢,4.1
2005-04-21,面巢,0
2005-04-22,面巢,0
2005-04-23,面巢,0
2005-04-24,面巢,0.1
2005-04-25,面巢,0.1
2005-04-26,面巢,0
2005-04-27,面巢,0.1
2005-04-28,面巢,0
2005-04-29,面巢,0
2005-04-30,面巢,0.3
2005-05-01,面巢,0.1
2005-05-02,面巢,0
2005-05-03,面巢,0
2005-05-04,面巢,0
2005-05-05,面巢,7.7
2005-05-06,面巢,9.3
2005-05-07,面巢,0
2005-05-08,面巢,0
2005-05-09,面巢,0
2005-05-10,面巢,0
2005-05-11,面巢,9.7
2005-05-12,面巢,0.8
2005-05-13,面巢,0
2005-05-14,面巢,0
2005-05-15,面巢,0
2005-05-16,面巢,0
2005-05-17,面巢,26.3
2005-05-18,面巢,2.7
2005-05-19,面巢,0
2005-05-20,面巢,0
2005-05-21,面巢,0
2005-05-22,面巢,0
2005-05-23,面巢,0.1
2005-05-24,面巢,0
2005-05-25,面巢,0
2005-05-26,面巢,0
2005-05-27,面巢,0
2005-05-28,面巢,0
2005-05-29,面巢,0
2005-05-30,面巢,0
2005-05-31,面巢,0
2005-06-01,面巢,37.8
2005-06-02,面巢,19.3
2005-06-03,面巢,0
2005-06-04,面巢,0
2005-06-05,面巢,0
2005-06-06,面巢,0
2005-06-07,面巢,0
2005-06-08,面巢,0
2005-06-09,面巢,0
2005-06-10,面巢,48.3
2005-06-11,面巢,0.1
2005-06-12,面巢,0.1
2005-06-13,面巢,0
2005-06-14,面巢,0
2005-06-15,面巢,6.8
2005-06-16,面巢,2.5
2005-06-17,面巢,0
2005-06-18,面巢,1.7
2005-06-19,面巢,0.2
2005-06-20,面巢,0
2005-06-21,面巢,0
2005-06-22,面巢,0
2005-06-23,面巢,0
2005-06-24,面巢,0
2005-06-25,面巢,0
2005-06-26,面巢,7.9
2005-06-27,面巢,24.5
2005-06-28,面巢,0.9
2005-06-29,面巢,22.5
2005-06-30,面巢,0
2005-07-01,面巢,41.7
2005-07-02,面巢,40.8
2005-07-03,面巢,47.2
2005-07-04,面巢,0.6
2005-07-05,面巢,0
2005-07-06,面巢,0
2005-07-07,面巢,0.1
2005-07-08,面巢,3.2
2005-07-09,面巢,38.9
2005-07-10,面巢,0.2
2005-07-11,面巢,87.8
2005-07-12,面巢,0.3
2005-07-13,面巢,3.3
2005-07-14,面巢,0
2005-07-15,面巢,0
2005-07-16,面巢,3.1
2005-07-17,面巢,19.5
2005-07-18,面巢,0.1
2005-07-19,面巢,0
2005-07-20,面巢,0
2005-07-21,面巢,0
2005-07-22,面巢,0
2005-07-23,面巢,0
2005-07-24,面巢,0
2005-07-25,面巢,0
2005-07-26,面巢,0.1
2005-07-27,面巢,0.2
2005-07-28,面巢,72.7
2005-07-29,面巢,0.1
2005-07-30,面巢,0
2005-07-31,面巢,4.2
2005-08-01,面巢,40.7
2005-08-02,面巢,18.7
2005-08-03,面巢,40.8
2005-08-04,面巢,3.9
2005-08-05,面巢,0
2005-08-06,面巢,14.5
2005-08-07,面巢,0.1
2005-08-08,面巢,18.9
2005-08-09,面巢,8.9
2005-08-10,面巢,6.1
2005-08-11,面巢,37.5
2005-08-12,面巢,0.1
2005-08-13,面巢,0
2005-08-14,面巢,0
2005-08-15,面巢,0.1
2005-08-16,面巢,0
2005-08-17,面巢,2.5
2005-08-18,面巢,10.5
2005-08-19,面巢,38
2005-08-20,面巢,19
2005-08-21,面巢,3.8
2005-08-22,面巢,21.7
2005-08-23,面巢,0
2005-08-24,面巢,9.5
2005-08-25,面巢,10.8
2005-08-26,面巢,0.4
2005-08-27,面巢,0
2005-08-28,面巢,0
2005-08-29,面巢,0
2005-08-30,面巢,0
2005-08-31,面巢,0
2005-09-01,面巢,0
2005-09-02,面巢,6.2
2005-09-03,面巢,0.1
2005-09-04,面巢,0.8
2005-09-05,面巢,0
2005-09-06,面巢,0
2005-09-07,面巢,0
2005-09-08,面巢,0
2005-09-09,面巢,22.4
2005-09-10,面巢,2.4
2005-09-11,面巢,0
2005-09-12,面巢,0
2005-09-13,面巢,16.5
2005-09-14,面巢,0.2
2005-09-15,面巢,0
2005-09-16,面巢,0
2005-09-17,面巢,36
2005-09-18,面巢,41.6
2005-09-19,面巢,4.7
2005-09-20,面巢,0
2005-09-21,面巢,90.2
2005-09-22,面巢,3.3
2005-09-23,面巢,0
2005-09-24,面巢,0
2005-09-25,面巢,0
2005-09-26,面巢,0
2005-09-27,面巢,0
2005-09-28,面巢,0
2005-09-29,面巢,0
2005-09-30,面巢,22
2005-10-01,面巢,9.9
2005-10-02,面巢,0
2005-10-03,面巢,0.9
2005-10-04,面巢,1.2
2005-10-05,面巢,0
2005-10-06,面巢,0
2005-10-07,面巢,9
2005-10-08,面巢,0.3
2005-10-09,面巢,0
2005-10-10,面巢,0
2005-10-11,面巢,0
2005-10-12,面巢,0
2005-10-13,面巢,0.1
2005-10-14,面巢,0.3
2005-10-15,面巢,0
2005-10-16,面巢,0
2005-10-17,面巢,0
2005-10-18,面巢,0
2005-10-19,面巢,0
2005-10-20,面巢,0
2005-10-21,面巢,4.6
2005-10-22,面巢,0
2005-10-23,面巢,0
2005-10-24,面巢,0
2005-10-25,面巢,0
2005-10-26,面巢,0
2005-10-27,面巢,0
2005-10-28,面巢,0
2005-10-29,面巢,0
2005-10-30,面巢,0.1
2005-10-31,面巢,0
2005-11-01,面巢,0
2005-11-02,面巢,0
2005-11-03,面巢,0
2005-11-04,面巢,0
2005-11-05,面巢,0.5
2005-11-06,面巢,12.4
2005-11-07,面巢,1.2
2005-11-08,面巢,1.6
2005-11-09,面巢,0
2005-11-10,面巢,0
2005-11-11,面巢,0.2
2005-11-12,面巢,0
2005-11-13,面巢,0
2005-11-14,面巢,0
2005-11-15,面巢,0
2005-11-16,面巢,0
2005-11-17,面巢,0
2005-11-18,面巢,0
2005-11-19,面巢,0
2005-11-20,面巢,0
2005-11-21,面巢,1.9
2005-11-22,面巢,0
2005-11-23,面巢,1
2005-11-24,面巢,0.1
2005-11-25,面巢,0
2005-11-26,面巢,0.1
2005-11-27,面巢,0.2
2005-11-28,面巢,3.3
2005-11-29,面巢,0
2005-11-30,面巢,0
2005-12-01,面巢,0.5
2005-12-02,面巢,0
2005-12-03,面巢,3.2
2005-12-04,面巢,5.2
2005-12-05,面巢,0.4
2005-12-06,面巢,1.4
2005-12-07,面巢,3.1
2005-12-08,面巢,0.7
2005-12-09,面巢,0
2005-12-10,面巢,0
2005-12-11,面巢,0
2005-12-12,面巢,0.8
2005-12-13,面巢,0.6
2005-12-14,面巢,1.1
2005-12-15,面巢,1.1
2005-12-16,面巢,2.3
2005-12-17,面巢,0.7
2005-12-18,面巢,2.4
2005-12-19,面巢,0
2005-12-20,面巢,0
2005-12-21,面巢,2.7
2005-12-22,面巢,0.3
2005-12-23,面巢,0.7
2005-12-24,面巢,0
2005-12-25,面巢,0
2005-12-26,面巢,0
2005-12-27,面巢,0
2005-12-28,面巢,0
2005-12-29,面巢,0
2005-12-30,面巢,0.1
2005-12-31,面巢,0
2006-01-01,面巢,0
2006-01-02,面巢,0
2006-01-03,面巢,0
2006-01-04,面巢,0
2006-01-05,面巢,0
2006-01-06,面巢,0
2006-01-07,面巢,0
2006-01-08,面巢,0
2006-01-09,面巢,0
2006-01-10,面巢,0
2006-01-11,面巢,0
2006-01-12,面巢,5.6
2006-01-13,面巢,16.8
2006-01-14,面巢,0
2006-01-15,面巢,0.1
2006-01-16,面巢,0
2006-01-17,面巢,0
2006-01-18,面巢,0
2006-01-19,面巢,0
2006-01-20,面巢,0
2006-01-21,面巢,0
2006-01-22,面巢,0
2006-01-23,面巢,0
2006-01-24,面巢,0
2006-01-25,面巢,0
2006-01-26,面巢,0
2006-01-27,面巢,0
2006-01-28,面巢,0
2006-01-29,面巢,0
2006-01-30,面巢,0
2006-01-31,面巢,5.4
2006-02-01,面巢,1.6
2006-02-02,面巢,0
2006-02-03,面巢,0
2006-02-04,面巢,0
2006-02-05,面巢,0
2006-02-06,面巢,0.6
2006-02-07,面巢,6.9
2006-02-08,面巢,0.4
2006-02-09,面巢,0
2006-02-10,面巢,0.1
2006-02-11,面巢,0
2006-02-12,面巢,0
2006-02-13,面巢,0.1
2006-02-14,面巢,14.2
2006-02-15,面巢,2.3
2006-02-16,面巢,0
2006-02-17,面巢,0
2006-02-18,面巢,0
2006-02-19,面巢,0
2006-02-20,面巢,0
2006-02-21,面巢,0
2006-02-22,面巢,0.3
2006-02-23,面巢,0
2006-02-24,面巢,0
2006-02-25,面巢,0
2006-02-26,面巢,0.1
2006-02-27,面巢,0
2006-02-28,面巢,0.1
2006-03-01,面巢,0.3
2006-03-02,面巢,0.1
2006-03-03,面巢,0
2006-03-04,面巢,0.1
2006-03-05,面巢,0
2006-03-06,面巢,0
2006-03-07,面巢,0
2006-03-08,面巢,0
2006-03-09,面巢,0
2006-03-10,面巢,0
2006-03-11,面巢,0.4
2006-03-12,面巢,0
2006-03-13,面巢,1.3
2006-03-14,面巢,0.1
2006-03-15,面巢,0
2006-03-16,面巢,2.6
2006-03-17,面巢,0
2006-03-18,面巢,1.9
2006-03-19,面巢,0
2006-03-20,面巢,0
2006-03-21,面巢,0
2006-03-22,面巢,0
2006-03-23,面巢,0
2006-03-24,面巢,0
2006-03-25,面巢,0
2006-03-26,面巢,0
2006-03-27,面巢,0
2006-03-28,面巢,0.8
2006-03-29,面巢,0
2006-03-30,面巢,0
2006-03-31,面巢,0
2006-04-01,面巢,14.4
2006-04-02,面巢,1.4
2006-04-03,面巢,0
2006-04-04,面巢,7.6
2006-04-05,面巢,0.1
2006-04-06,面巢,0
2006-04-07,面巢,0
2006-04-08,面巢,0.1
2006-04-09,面巢,4.7
2006-04-10,面巢,29.1
2006-04-11,面巢,3.9
2006-04-12,面巢,0.1
2006-04-13,面巢,0
2006-04-14,面巢,0
2006-04-15,面巢,0
2006-04-16,面巢,0
2006-04-17,面巢,0
2006-04-18,面巢,0
2006-04-19,面巢,24.3
2006-04-20,面巢,2
2006-04-21,面巢,0
2006-04-22,面巢,0
2006-04-23,面巢,1.1
2006-04-24,面巢,0
2006-04-25,面巢,0
2006-04-26,面巢,0.3
2006-04-27,面巢,0.4
2006-04-28,面巢,0
2006-04-29,面巢,0.2
2006-04-30,面巢,0
2006-05-01,面巢,0
2006-05-02,面巢,0
2006-05-03,面巢,0
2006-05-04,面巢,0
2006-05-05,面巢,3.1
2006-05-06,面巢,49.8
2006-05-07,面巢,0.4
2006-05-08,面巢,0
2006-05-09,面巢,0.2
2006-05-10,面巢,9.3
2006-05-11,面巢,0
2006-05-12,面巢,0
2006-05-13,面巢,0
2006-05-14,面巢,0
2006-05-15,面巢,0
2006-05-16,面巢,0
2006-05-17,面巢,0
2006-05-18,面巢,0.4
2006-05-19,面巢,11.6
2006-05-20,面巢,0
2006-05-21,面巢,0
2006-05-22,面巢,10.8
2006-05-23,面巢,0.2
2006-05-24,面巢,0
2006-05-25,面巢,0
2006-05-26,面巢,0
2006-05-27,面巢,10.4
2006-05-28,面巢,0.2
2006-05-29,面巢,0
2006-05-30,面巢,0
2006-05-31,面巢,0
2006-06-01,面巢,0
2006-06-02,面巢,0
2006-06-03,面巢,0
2006-06-04,面巢,0
2006-06-05,面巢,0
2006-06-06,面巢,0
2006-06-07,面巢,0
2006-06-08,面巢,0.4
2006-06-09,面巢,0
2006-06-10,面巢,35.1
2006-06-11,面巢,0
2006-06-12,面巢,0
2006-06-13,面巢,0
2006-06-14,面巢,49.4
2006-06-15,面巢,0.2
2006-06-16,面巢,0
2006-06-17,面巢,0
2006-06-18,面巢,0
2006-06-19,面巢,0
2006-06-20,面巢,1.6
2006-06-21,面巢,9.3
2006-06-22,面巢,5.2
2006-06-23,面巢,0
2006-06-24,面巢,0
2006-06-25,面巢,4.4
2006-06-26,面巢,2.7
2006-06-27,面巢,0
2006-06-28,面巢,0
2006-06-29,面巢,16.8
2006-06-30,面巢,3.9
2006-07-01,面巢,20.7
2006-07-02,面巢,1.2
2006-07-03,面巢,0
2006-07-04,面巢,31.3
2006-07-05,面巢,0.5
2006-07-06,面巢,20.7
2006-07-07,面巢,1.4
2006-07-08,面巢,0.8
2006-07-09,面巢,26.3
2006-07-10,面巢,19
2006-07-11,面巢,11.9
2006-07-12,面巢,52.5
2006-07-13,面巢,2.4
2006-07-14,面巢,0.6
2006-07-15,面巢,2.2
2006-07-16,面巢,85.7
2006-07-17,面巢,54.8
2006-07-18,面巢,30.1
2006-07-19,面巢,4.2
2006-07-20,面巢,5.7
2006-07-21,面巢,1.7
2006-07-22,面巢,0.2
2006-07-23,面巢,0
2006-07-24,面巢,0
2006-07-25,面巢,3.1
2006-07-26,面巢,60.4
2006-07-27,面巢,19.3
2006-07-28,面巢,35.5
2006-07-29,面巢,14.8
2006-07-30,面巢,0
2006-07-31,面巢,0
2006-08-01,面巢,0
2006-08-02,面巢,0
2006-08-03,面巢,0
2006-08-04,面巢,2.2
2006-08-05,面巢,3.9
2006-08-06,面巢,0.1
2006-08-07,面巢,2
2006-08-08,面巢,0
2006-08-09,面巢,0
2006-08-10,面巢,0
2006-08-11,面巢,0
2006-08-12,面巢,1.1
2006-08-13,面巢,0
2006-08-14,面巢,0
2006-08-15,面巢,0
2006-08-16,面巢,0.1
2006-08-17,面巢,14.1
2006-08-18,面巢,1.1
2006-08-19,面巢,0.5
2006-08-20,面巢,0
2006-08-21,面巢,5.4
2006-08-22,面巢,5.1
2006-08-23,面巢,0.4
2006-08-24,面巢,0.2
2006-08-25,面巢,14.2
2006-08-26,面巢,1.3
2006-08-27,面巢,14.3
2006-08-28,面巢,0
2006-08-29,面巢,2.4
2006-08-30,面巢,0.5
2006-08-31,面巢,0
2006-09-01,面巢,0
2006-09-02,面巢,0
2006-09-03,面巢,0
2006-09-04,面巢,0.1
2006-09-05,面巢,6.3
2006-09-06,面巢,7.7
2006-09-07,面巢,0
2006-09-08,面巢,0.1
2006-09-09,面巢,1
2006-09-10,面巢,0
2006-09-11,面巢,0
2006-09-12,面巢,0
2006-09-13,面巢,0.3
2006-09-14,面巢,0
2006-09-15,面巢,0.3
2006-09-16,面巢,1.6
2006-09-17,面巢,8.8
2006-09-18,面巢,0.5
2006-09-19,面巢,0
2006-09-20,面巢,0
2006-09-21,面巢,0
2006-09-22,面巢,0
2006-09-23,面巢,0
2006-09-24,面巢,0
2006-09-25,面巢,0
2006-09-26,面巢,0
2006-09-27,面巢,0
2006-09-28,面巢,0
2006-09-29,面巢,0
2006-09-30,面巢,0
2006-10-01,面巢,0
2006-10-02,面巢,0
2006-10-03,面巢,0
2006-10-04,面巢,0
2006-10-05,面巢,0
2006-10-06,面巢,0
2006-10-07,面巢,0
2006-10-08,面巢,0
2006-10-09,面巢,0
2006-10-10,面巢,0
2006-10-11,面巢,0
2006-10-12,面巢,0
2006-10-13,面巢,0
2006-10-14,面巢,0
2006-10-15,面巢,0
2006-10-16,面巢,0
2006-10-17,面巢,0
2006-10-18,面巢,0
2006-10-19,面巢,0
2006-10-20,面巢,0
2006-10-21,面巢,0
2006-10-22,面巢,24.2
2006-10-23,面巢,0.4
2006-10-24,面巢,0
2006-10-25,面巢,0
2006-10-26,面巢,0.4
2006-10-27,面巢,0
2006-10-28,面巢,0
2006-10-29,面巢,0.1
2006-10-30,面巢,0
2006-10-31,面巢,0
2006-11-01,面巢,0
2006-11-02,面巢,0
2006-11-03,面巢,0.6
2006-11-04,面巢,0
2006-11-05,面巢,4.4
2006-11-06,面巢,19.7
2006-11-07,面巢,1.3
2006-11-08,面巢,0
2006-11-09,面巢,0.9
2006-11-10,面巢,0
2006-11-11,面巢,0.2
2006-11-12,面巢,0
2006-11-13,面巢,0.1
2006-11-14,面巢,0.1
2006-11-15,面巢,1
2006-11-16,面巢,0
2006-11-17,面巢,0
2006-11-18,面巢,0
2006-11-19,面巢,0
2006-11-20,面巢,0
2006-11-21,面巢,0.3
2006-11-22,面巢,0
2006-11-23,面巢,0
2006-11-24,面巢,0
2006-11-25,面巢,0
2006-11-26,面巢,0
2006-11-27,面巢,29
2006-11-28,面巢,0.9
2006-11-29,面巢,0
2006-11-30,面巢,0.5
2006-12-01,面巢,2.5
2006-12-02,面巢,2.9
2006-12-03,面巢,0
2006-12-04,面巢,0.1
2006-12-05,面巢,0.1
2006-12-06,面巢,0
2006-12-07,面巢,1.4
2006-12-08,面巢,4.9
2006-12-09,面巢,3.2
2006-12-10,面巢,0
2006-12-11,面巢,0
2006-12-12,面巢,0
2006-12-13,面巢,0
2006-12-14,面巢,0
2006-12-15,面巢,0
2006-12-16,面巢,1.7
2006-12-17,面巢,6.7
2006-12-18,面巢,0
2006-12-19,面巢,0
2006-12-20,面巢,0
2006-12-21,面巢,0
2006-12-22,面巢,0
2006-12-23,面巢,0
2006-12-24,面巢,0
2006-12-25,面巢,0
2006-12-26,面巢,0
2006-12-27,面巢,0
2006-12-28,面巢,0.3
2006-12-29,面巢,0
2006-12-30,面巢,0
2006-12-31,面巢,0
2007-01-01,面巢,0
2007-01-02,面巢,0
2007-01-03,面巢,0
2007-01-04,面巢,0
2007-01-05,面巢,0
2007-01-06,面巢,6
2007-01-07,面巢,0
2007-01-08,面巢,0
2007-01-09,面巢,0.1
2007-01-10,面巢,0
2007-01-11,面巢,0
2007-01-12,面巢,0
2007-01-13,面巢,0
2007-01-14,面巢,0
2007-01-15,面巢,0
2007-01-16,面巢,0
2007-01-17,面巢,0
2007-01-18,面巢,0
2007-01-19,面巢,0
2007-01-20,面巢,0
2007-01-21,面巢,0
2007-01-22,面巢,0
2007-01-23,面巢,0
2007-01-24,面巢,0
2007-01-25,面巢,0
2007-01-26,面巢,5.5
2007-01-27,面巢,1.4
2007-01-28,面巢,1.4
2007-01-29,面巢,0
2007-01-30,面巢,1.3
2007-01-31,面巢,0.6
2007-02-01,面巢,0.6
2007-02-02,面巢,0
2007-02-03,面巢,0
2007-02-04,面巢,0
2007-02-05,面巢,0
2007-02-06,面巢,0
2007-02-07,面巢,0
2007-02-08,面巢,13
2007-02-09,面巢,0
2007-02-10,面巢,0
2007-02-11,面巢,0
2007-02-12,面巢,0
2007-02-13,面巢,23.8
2007-02-14,面巢,0.8
2007-02-15,面巢,0
2007-02-16,面巢,0
2007-02-17,面巢,0.6
2007-02-18,面巢,0
2007-02-19,面巢,0
2007-02-20,面巢,0
2007-02-21,面巢,0
2007-02-22,面巢,0
2007-02-23,面巢,0
2007-02-24,面巢,0
2007-02-25,面巢,0
2007-02-26,面巢,0
2007-02-27,面巢,0
2007-02-28,面巢,0
2007-03-01,面巢,0
2007-03-02,面巢,21.9
2007-03-03,面巢,0.2
2007-03-04,面巢,35.9
2007-03-05,面巢,1.8
2007-03-06,面巢,0
2007-03-07,面巢,1.4
2007-03-08,面巢,0.1
2007-03-09,面巢,0
2007-03-10,面巢,1.5
2007-03-11,面巢,0
2007-03-12,面巢,0
2007-03-13,面巢,0
2007-03-14,面巢,0
2007-03-15,面巢,0
2007-03-16,面巢,0
2007-03-17,面巢,0
2007-03-18,面巢,0
2007-03-19,面巢,0
2007-03-20,面巢,0
2007-03-21,面巢,0.1
2007-03-22,面巢,0
2007-03-23,面巢,3.9
2007-03-24,面巢,17.9
2007-03-25,面巢,0
2007-03-26,面巢,4.4
2007-03-27,面巢,0
2007-03-28,面巢,12.3
2007-03-29,面巢,9.9
2007-03-30,面巢,0.2
2007-03-31,面巢,13.6
2007-04-01,面巢,0
2007-04-02,面巢,0
2007-04-03,面巢,0
2007-04-04,面巢,0
2007-04-05,面巢,0
2007-04-06,面巢,0
2007-04-07,面巢,0
2007-04-08,面巢,0
2007-04-09,面巢,0
2007-04-10,面巢,0
2007-04-11,面巢,2
2007-04-12,面巢,0.1
2007-04-13,面巢,7.3
2007-04-14,面巢,0
2007-04-15,面巢,0.6
2007-04-16,面巢,13.3
2007-04-17,面巢,0
2007-04-18,面巢,0
2007-04-19,面巢,0
2007-04-20,面巢,0.3
2007-04-21,面巢,0.1
2007-04-22,面巢,1.3
2007-04-23,面巢,0
2007-04-24,面巢,0
2007-04-25,面巢,0
2007-04-26,面巢,0
2007-04-27,面巢,0
2007-04-28,面巢,0
2007-04-29,面巢,0
2007-04-30,面巢,4.6
2007-05-01,面巢,13.6
2007-05-02,面巢,0
2007-05-03,面巢,0
2007-05-04,面巢,0
2007-05-05,面巢,0
2007-05-06,面巢,0.3
2007-05-07,面巢,0
2007-05-08,面巢,0
2007-05-09,面巢,10.1
2007-05-10,面巢,0.2
2007-05-11,面巢,0
2007-05-12,面巢,8.9
2007-05-13,面巢,0
2007-05-14,面巢,0
2007-05-15,面巢,0
2007-05-16,面巢,33.4
2007-05-17,面巢,3.8
2007-05-18,面巢,0.3
2007-05-19,面巢,0.1
2007-05-20,面巢,0
2007-05-21,面巢,0
2007-05-22,面巢,0
2007-05-23,面巢,0
2007-05-24,面巢,31.9
2007-05-25,面巢,1.7
2007-05-26,面巢,0
2007-05-27,面巢,0
2007-05-28,面巢,0
2007-05-29,面巢,0
2007-05-30,面巢,0
2007-05-31,面巢,0
2007-06-01,面巢,0
2007-06-02,面巢,0
2007-06-03,面巢,0
2007-06-04,面巢,0
2007-06-05,面巢,0
2007-06-06,面巢,4.2
2007-06-07,面巢,2.2
2007-06-08,面巢,0.1
2007-06-09,面巢,0
2007-06-10,面巢,0
2007-06-11,面巢,0
2007-06-12,面巢,0
2007-06-13,面巢,1.5
2007-06-14,面巢,3
2007-06-15,面巢,0
2007-06-16,面巢,0
2007-06-17,面巢,0
2007-06-18,面巢,0
2007-06-19,面巢,0
2007-06-20,面巢,0
2007-06-21,面巢,31.4
2007-06-22,面巢,5
2007-06-23,面巢,23.5
2007-06-24,面巢,28.4
2007-06-25,面巢,0.2
2007-06-26,面巢,0
2007-06-27,面巢,0.2
2007-06-28,面巢,11.7
2007-06-29,面巢,2.4
2007-06-30,面巢,5.4
2007-07-01,面巢,75.1
2007-07-02,面巢,3.8
2007-07-03,面巢,0.5
2007-07-04,面巢,6.1
2007-07-05,面巢,0.1
2007-07-06,面巢,0
2007-07-07,面巢,0
2007-07-08,面巢,0.5
2007-07-09,面巢,26.8
2007-07-10,面巢,21.3
2007-07-11,面巢,0.4
2007-07-12,面巢,0
2007-07-13,面巢,0.3
2007-07-14,面巢,0.1
2007-07-15,面巢,3.6
2007-07-16,面巢,13.6
2007-07-17,面巢,1.4
2007-07-18,面巢,0
2007-07-19,面巢,48.8
2007-07-20,面巢,0.3
2007-07-21,面巢,0.2
2007-07-22,面巢,0.1
2007-07-23,面巢,1.9
2007-07-24,面巢,33.2
2007-07-25,面巢,0.2
2007-07-26,面巢,0
2007-07-27,面巢,0
2007-07-28,面巢,0
2007-07-29,面巢,6.6
2007-07-30,面巢,0
2007-07-31,面巢,0
2007-08-01,面巢,0.6
2007-08-02,面巢,1.3
2007-08-03,面巢,11.1
2007-08-04,面巢,41.1
2007-08-05,面巢,40.9
2007-08-06,面巢,7
2007-08-07,面巢,31.6
2007-08-08,面巢,46.8
2007-08-09,面巢,4.3
2007-08-10,面巢,7.2
2007-08-11,面巢,0
2007-08-12,面巢,26.2
2007-08-13,面巢,7.4
2007-08-14,面巢,13.6
2007-08-15,面巢,3.6
2007-08-16,面巢,0
2007-08-17,面巢,0
2007-08-18,面巢,0
2007-08-19,面巢,0
2007-08-20,面巢,0.2
2007-08-21,面巢,2.3
2007-08-22,面巢,8.5
2007-08-23,面巢,0
2007-08-24,面巢,0
2007-08-25,面巢,0
2007-08-26,面巢,8.8
2007-08-27,面巢,22.3
2007-08-28,面巢,21.4
2007-08-29,面巢,38.9
2007-08-30,面巢,10.7
2007-08-31,面巢,1.7
2007-09-01,面巢,72
2007-09-02,面巢,8.8
2007-09-03,面巢,2.3
2007-09-04,面巢,7.7
2007-09-05,面巢,39
2007-09-06,面巢,32
2007-09-07,面巢,0
2007-09-08,面巢,0
2007-09-09,面巢,0.3
2007-09-10,面巢,0
2007-09-11,面巢,0
2007-09-12,面巢,0
2007-09-13,面巢,0
2007-09-14,面巢,87.4
2007-09-15,面巢,22.3
2007-09-16,面巢,41.3
2007-09-17,面巢,1.7
2007-09-18,面巢,18.4
2007-09-19,面巢,10.3
2007-09-20,面巢,1.2
2007-09-21,面巢,0.2
2007-09-22,面巢,5
2007-09-23,面巢,2.7
2007-09-24,面巢,18.5
2007-09-25,面巢,0
2007-09-26,面巢,0
2007-09-27,面巢,2.4
2007-09-28,面巢,9.6
2007-09-29,面巢,0.2
2007-09-30,面巢,5.6
2007-10-01,面巢,0
2007-10-02,面巢,0
2007-10-03,面巢,0
2007-10-04,面巢,1.6
2007-10-05,面巢,0
2007-10-06,面巢,0
2007-10-07,面巢,1.2
2007-10-08,面巢,0
2007-10-09,面巢,0
2007-10-10,面巢,0
2007-10-11,面巢,0
2007-10-12,面巢,0
2007-10-13,面巢,0
2007-10-14,面巢,0
2007-10-15,面巢,0
2007-10-16,面巢,0
2007-10-17,面巢,0
2007-10-18,面巢,0
2007-10-19,面巢,9.5
2007-10-20,面巢,2
2007-10-21,面巢,0
2007-10-22,面巢,0
2007-10-23,面巢,0
2007-10-24,面巢,0
2007-10-25,面巢,20.8
2007-10-26,面巢,3.5
2007-10-27,面巢,0
2007-10-28,面巢,1.8
2007-10-29,面巢,0
2007-10-30,面巢,0
2007-10-31,面巢,0
2007-11-01,面巢,0.3
2007-11-02,面巢,0.1
2007-11-03,面巢,0
2007-11-04,面巢,0
2007-11-05,面巢,0
2007-11-06,面巢,0
2007-11-07,面巢,0
2007-11-08,面巢,0
2007-11-09,面巢,0
2007-11-10,面巢,0
2007-11-11,面巢,0
2007-11-12,面巢,0
2007-11-13,面巢,0
2007-11-14,面巢,0
2007-11-15,面巢,0
2007-11-16,面巢,0
2007-11-17,面巢,0.1
2007-11-18,面巢,0
2007-11-19,面巢,3.9
2007-11-20,面巢,1
2007-11-21,面巢,2.6
2007-11-22,面巢,0
2007-11-23,面巢,2.5
2007-11-24,面巢,4.1
2007-11-25,面巢,0.1
2007-11-26,面巢,0
2007-11-27,面巢,0
2007-11-28,面巢,0
2007-11-29,面巢,0
2007-11-30,面巢,0
2007-12-01,面巢,0
2007-12-02,面巢,5.5
2007-12-03,面巢,0.6
2007-12-04,面巢,0
2007-12-05,面巢,0
2007-12-06,面巢,1.7
2007-12-07,面巢,1.7
2007-12-08,面巢,0
2007-12-09,面巢,0
2007-12-10,面巢,2.5
2007-12-11,面巢,4
2007-12-12,面巢,0
2007-12-13,面巢,0.9
2007-12-14,面巢,0
2007-12-15,面巢,1.3
2007-12-16,面巢,0
2007-12-17,面巢,0
2007-12-18,面巢,0.1
2007-12-19,面巢,0
2007-12-20,面巢,0
2007-12-21,面巢,0
2007-12-22,面巢,0
2007-12-23,面巢,0
2007-12-24,面巢,0
2007-12-25,面巢,0
2007-12-26,面巢,0
2007-12-27,面巢,4.4
2007-12-28,面巢,0.9
2007-12-29,面巢,1.9
2007-12-30,面巢,4.4
2007-12-31,面巢,3.4
2008-01-01,面巢,0
2008-01-02,面巢,0
2008-01-03,面巢,0
2008-01-04,面巢,0
2008-01-05,面巢,0
2008-01-06,面巢,0
2008-01-07,面巢,0
2008-01-08,面巢,0
2008-01-09,面巢,0
2008-01-10,面巢,0
2008-01-11,面巢,14.4
2008-01-12,面巢,2.3
2008-01-13,面巢,0
2008-01-14,面巢,0
2008-01-15,面巢,0
2008-01-16,面巢,0
2008-01-17,面巢,0
2008-01-18,面巢,0
2008-01-19,面巢,0
2008-01-20,面巢,0.5
2008-01-21,面巢,2.1
2008-01-22,面巢,5.3
2008-01-23,面巢,0.3
2008-01-24,面巢,0
2008-01-25,面巢,0
2008-01-26,面巢,0
2008-01-27,面巢,0
2008-01-28,面巢,0
2008-01-29,面巢,0
2008-01-30,面巢,0.1
2008-01-31,面巢,0
2008-02-01,面巢,0
2008-02-02,面巢,0
2008-02-03,面巢,0
2008-02-04,面巢,0
2008-02-05,面巢,0
2008-02-06,面巢,0
2008-02-07,面巢,0
2008-02-08,面巢,0
2008-02-09,面巢,0.5
2008-02-10,面巢,0
2008-02-11,面巢,0
2008-02-12,面巢,0
2008-02-13,面巢,0
2008-02-14,面巢,0
2008-02-15,面巢,0
2008-02-16,面巢,0
2008-02-17,面巢,0
2008-02-18,面巢,0
2008-02-19,面巢,0
2008-02-20,面巢,0
2008-02-21,面巢,0
2008-02-22,面巢,0.2
2008-02-23,面巢,0
2008-02-24,面巢,0
2008-02-25,面巢,4.5
2008-02-26,面巢,4
2008-02-27,面巢,0
2008-02-28,面巢,0
2008-02-29,面巢,0
2008-03-01,面巢,0
2008-03-02,面巢,0
2008-03-03,面巢,0
2008-03-04,面巢,0
2008-03-05,面巢,0
2008-03-06,面巢,0
2008-03-07,面巢,0
2008-03-08,面巢,0
2008-03-09,面巢,0
2008-03-10,面巢,0
2008-03-11,面巢,0
2008-03-12,面巢,0
2008-03-13,面巢,0.7
2008-03-14,面巢,0.1
2008-03-15,面巢,0
2008-03-16,面巢,0
2008-03-17,面巢,0
2008-03-18,面巢,0
2008-03-19,面巢,0
2008-03-20,面巢,0
2008-03-21,面巢,0
2008-03-22,面巢,7.4
2008-03-23,面巢,25.7
2008-03-24,面巢,1.1
2008-03-25,面巢,0
2008-03-26,面巢,0
2008-03-27,面巢,0.1
2008-03-28,面巢,0
2008-03-29,面巢,1.2
2008-03-30,面巢,0.6
2008-03-31,面巢,0
2008-04-01,面巢,0
2008-04-02,面巢,0
2008-04-03,面巢,0
2008-04-04,面巢,0
2008-04-05,面巢,0
2008-04-06,面巢,3.9
2008-04-07,面巢,1
2008-04-08,面巢,0
2008-04-09,面巢,13.3
2008-04-10,面巢,4.3
2008-04-11,面巢,0
2008-04-12,面巢,0
2008-04-13,面巢,0
2008-04-14,面巢,0
2008-04-15,面巢,0
2008-04-16,面巢,0
2008-04-17,面巢,0.1
2008-04-18,面巢,0
2008-04-19,面巢,0
2008-04-20,面巢,0
2008-04-21,面巢,0
2008-04-22,面巢,9.6
2008-04-23,面巢,3.2
2008-04-24,面巢,0
2008-04-25,面巢,1.9
2008-04-26,面巢,2
2008-04-27,面巢,0
2008-04-28,面巢,0
2008-04-29,面巢,0
2008-04-30,面巢,0
2008-05-01,面巢,0
2008-05-02,面巢,0
2008-05-03,面巢,0
2008-05-04,面巢,4.3
2008-05-05,面巢,0.1
2008-05-06,面巢,0
2008-05-07,面巢,0
2008-05-08,面巢,0.1
2008-05-09,面巢,0
2008-05-10,面巢,0
2008-05-11,面巢,0
2008-05-12,面巢,6.9
2008-05-13,面巢,6.4
2008-05-14,面巢,0
2008-05-15,面巢,0
2008-05-16,面巢,0
2008-05-17,面巢,0
2008-05-18,面巢,41.8
2008-05-19,面巢,1
2008-05-20,面巢,0
2008-05-21,面巢,0
2008-05-22,面巢,0
2008-05-23,面巢,0
2008-05-24,面巢,0
2008-05-25,面巢,0
2008-05-26,面巢,0
2008-05-27,面巢,0
2008-05-28,面巢,12.6
2008-05-29,面巢,0
2008-05-30,面巢,0
2008-05-31,面巢,0
2008-06-01,面巢,0
2008-06-02,面巢,23.5
2008-06-03,面巢,1.9
2008-06-04,面巢,2.2
2008-06-05,面巢,11
2008-06-06,面巢,0
2008-06-07,面巢,0
2008-06-08,面巢,19
2008-06-09,面巢,0
2008-06-10,面巢,0
2008-06-11,面巢,0
2008-06-12,面巢,0
2008-06-13,面巢,0
2008-06-14,面巢,0
2008-06-15,面巢,0
2008-06-16,面巢,0
2008-06-17,面巢,1.7
2008-06-18,面巢,71
2008-06-19,面巢,0
2008-06-20,面巢,0.1
2008-06-21,面巢,1.5
2008-06-22,面巢,0
2008-06-23,面巢,0.1
2008-06-24,面巢,0
2008-06-25,面巢,0
2008-06-26,面巢,0
2008-06-27,面巢,0
2008-06-28,面巢,22.1
2008-06-29,面巢,4.7
2008-06-30,面巢,0.4
2008-07-01,面巢,0
2008-07-02,面巢,1.6
2008-07-03,面巢,3.7
2008-07-04,面巢,0
2008-07-05,面巢,0.9
2008-07-06,面巢,0
2008-07-07,面巢,0
2008-07-08,面巢,0
2008-07-09,面巢,0
2008-07-10,面巢,0
2008-07-11,面巢,0.5
2008-07-12,面巢,4.3
2008-07-13,面巢,24.3
2008-07-14,面巢,0
2008-07-15,面巢,2.6
2008-07-16,面巢,28.8
2008-07-17,面巢,6.8
2008-07-18,面巢,0
2008-07-19,面巢,78.1
2008-07-20,面巢,33
2008-07-21,面巢,3.4
2008-07-22,面巢,2.7
2008-07-23,面巢,20.3
2008-07-24,面巢,20.9
2008-07-25,面巢,15.2
2008-07-26,面巢,5.3
2008-07-27,面巢,0.1
2008-07-28,面巢,0
2008-07-29,面巢,0
2008-07-30,面巢,2.3
2008-07-31,面巢,0.4
2008-08-01,面巢,0
2008-08-02,面巢,5.5
2008-08-03,面巢,0.7
2008-08-04,面巢,0
2008-08-05,面巢,0
2008-08-06,面巢,0
2008-08-07,面巢,0
2008-08-08,面巢,0.1
2008-08-09,面巢,7.2
2008-08-10,面巢,1.3
2008-08-11,面巢,2.5
2008-08-12,面巢,7.3
2008-08-13,面巢,7.3
2008-08-14,面巢,1.8
2008-08-15,面巢,22.4
2008-08-16,面巢,34.9
2008-08-17,面巢,0.1
2008-08-18,面巢,17.7
2008-08-19,面巢,0.7
2008-08-20,面巢,0
2008-08-21,面巢,0
2008-08-22,面巢,34.5
2008-08-23,面巢,0.9
2008-08-24,面巢,0
2008-08-25,面巢,2.3
2008-08-26,面巢,0
2008-08-27,面巢,0
2008-08-28,面巢,0
2008-08-29,面巢,0
2008-08-30,面巢,0
2008-08-31,面巢,0
2008-09-01,面巢,19
2008-09-02,面巢,5
2008-09-03,面巢,0
2008-09-04,面巢,0
2008-09-05,面巢,0.1
2008-09-06,面巢,0.2
2008-09-07,面巢,0
2008-09-08,面巢,0
2008-09-09,面巢,0
2008-09-10,面巢,0
2008-09-11,面巢,0
2008-09-12,面巢,0
2008-09-13,面巢,0
2008-09-14,面巢,0.1
2008-09-15,面巢,0.6
2008-09-16,面巢,0
2008-09-17,面巢,0
2008-09-18,面巢,0
2008-09-19,面巢,0
2008-09-20,面巢,17.9
2008-09-21,面巢,0.1
2008-09-22,面巢,1.2
2008-09-23,面巢,4.1
2008-09-24,面巢,0.3
2008-09-25,面巢,6.6
2008-09-26,面巢,0
2008-09-27,面巢,0
2008-09-28,面巢,0
2008-09-29,面巢,1.6
2008-09-30,面巢,0
2008-10-01,面巢,0
2008-10-02,面巢,0
2008-10-03,面巢,0
2008-10-04,面巢,0
2008-10-05,面巢,0.1
2008-10-06,面巢,0
2008-10-07,面巢,0
2008-10-08,面巢,0
2008-10-09,面巢,0
2008-10-10,面巢,1.2
2008-10-11,面巢,0
2008-10-12,面巢,0
2008-10-13,面巢,0
2008-10-14,面巢,0
2008-10-15,面巢,0
2008-10-16,面巢,0
2008-10-17,面巢,0
2008-10-18,面巢,0
2008-10-19,面巢,0
2008-10-20,面巢,0
2008-10-21,面巢,0.1
2008-10-22,面巢,18.5
2008-10-23,面巢,3.9
2008-10-24,面巢,0
2008-10-25,面巢,4.1
2008-10-26,面巢,0.2
2008-10-27,面巢,0
2008-10-28,面巢,0
2008-10-29,面巢,0
2008-10-30,面巢,0
2008-10-31,面巢,2.9
2008-11-01,面巢,0
2008-11-02,面巢,0
2008-11-03,面巢,0
2008-11-04,面巢,0
2008-11-05,面巢,0
2008-11-06,面巢,0
2008-11-07,面巢,0
2008-11-08,面巢,0
2008-11-09,面巢,0.1
2008-11-10,面巢,0
2008-11-11,面巢,0
2008-11-12,面巢,0
2008-11-13,面巢,0
2008-11-14,面巢,0
2008-11-15,面巢,0.3
2008-11-16,面巢,0
2008-11-17,面巢,0
2008-11-18,面巢,2.3
2008-11-19,面巢,0.7
2008-11-20,面巢,2.9
2008-11-21,面巢,1.8
2008-11-22,面巢,0
2008-11-23,面巢,0
2008-11-24,面巢,0.2
2008-11-25,面巢,3.4
2008-11-26,面巢,0
2008-11-27,面巢,9.2
2008-11-28,面巢,0
2008-11-29,面巢,2.6
2008-11-30,面巢,0
2008-12-01,面巢,0
2008-12-02,面巢,0
2008-12-03,面巢,0
2008-12-04,面巢,6
2008-12-05,面巢,6.4
2008-12-06,面巢,0.8
2008-12-07,面巢,0.5
2008-12-08,面巢,0.8
2008-12-09,面巢,0
2008-12-10,面巢,0
2008-12-11,面巢,0.9
2008-12-12,面巢,0
2008-12-13,面巢,0
2008-12-14,面巢,0
2008-12-15,面巢,0.2
2008-12-16,面巢,0
2008-12-17,面巢,0.3
2008-12-18,面巢,0
2008-12-19,面巢,0
2008-12-20,面巢,4.6
2008-12-21,面巢,0
2008-12-22,面巢,0.2
2008-12-23,面巢,0.5
2008-12-24,面巢,0
2008-12-25,面巢,0
2008-12-26,面巢,0
2008-12-27,面巢,0
2008-12-28,面巢,0
2008-12-29,面巢,0.2
2008-12-30,面巢,0.9
2008-12-31,面巢,0
2009-01-01,面巢,0
2009-01-02,面巢,0
2009-01-03,面巢,0
2009-01-04,面巢,0
2009-01-05,面巢,0
2009-01-06,面巢,0
2009-01-07,面巢,0
2009-01-08,面巢,0
2009-01-09,面巢,0
2009-01-10,面巢,0.1
2009-01-11,面巢,0.2
2009-01-12,面巢,0.4
2009-01-13,面巢,0
2009-01-14,面巢,0.7
2009-01-15,面巢,0
2009-01-16,面巢,0.3
2009-01-17,面巢,0
2009-01-18,面巢,5.6
2009-01-19,面巢,0
2009-01-20,面巢,0
2009-01-21,面巢,0
2009-01-22,面巢,0
2009-01-23,面巢,0.3
2009-01-24,面巢,3.6
2009-01-25,面巢,2.1
2009-01-26,面巢,0.7
2009-01-27,面巢,0
2009-01-28,面巢,0
2009-01-29,面巢,0
2009-01-30,面巢,0.2
2009-01-31,面巢,0
2009-02-01,面巢,0
2009-02-02,面巢,0
2009-02-03,面巢,0
2009-02-04,面巢,0
2009-02-05,面巢,0
2009-02-06,面巢,0
2009-02-07,面巢,0
2009-02-08,面巢,0
2009-02-09,面巢,0
2009-02-10,面巢,0
2009-02-11,面巢,0
2009-02-12,面巢,0
2009-02-13,面巢,15.5
2009-02-14,面巢,0
2009-02-15,面巢,0
2009-02-16,面巢,0
2009-02-17,面巢,0
2009-02-18,面巢,0
2009-02-19,面巢,3.3
2009-02-20,面巢,0.6
2009-02-21,面巢,0
2009-02-22,面巢,1.9
2009-02-23,面巢,0
2009-02-24,面巢,0.5
2009-02-25,面巢,4.4
2009-02-26,面巢,0
2009-02-27,面巢,0
2009-02-28,面巢,0
2009-03-01,面巢,0
2009-03-02,面巢,0.2
2009-03-03,面巢,7.9
2009-03-04,面巢,0
2009-03-05,面巢,5.7
2009-03-06,面巢,0.2
2009-03-07,面巢,0
2009-03-08,面巢,0
2009-03-09,面巢,0
2009-03-10,面巢,0
2009-03-11,面巢,0
2009-03-12,面巢,2.6
2009-03-13,面巢,16.9
2009-03-14,面巢,0
2009-03-15,面巢,0
2009-03-16,面巢,0
2009-03-17,面巢,0
2009-03-18,面巢,0
2009-03-19,面巢,0
2009-03-20,面巢,0
2009-03-21,面巢,13.7
2009-03-22,面巢,6.8
2009-03-23,面巢,0
2009-03-24,面巢,0
2009-03-25,面巢,0.1
2009-03-26,面巢,0.2
2009-03-27,面巢,0
2009-03-28,面巢,0
2009-03-29,面巢,0
2009-03-30,面巢,0.8
2009-03-31,面巢,1
2009-04-01,面巢,0
2009-04-02,面巢,0
2009-04-03,面巢,0
2009-04-04,面巢,0
2009-04-05,面巢,0
2009-04-06,面巢,0
2009-04-07,面巢,0
2009-04-08,面巢,0
2009-04-09,面巢,0
2009-04-10,面巢,0
2009-04-11,面巢,0
2009-04-12,面巢,0
2009-04-13,面巢,0
2009-04-14,面巢,0
2009-04-15,面巢,6.7
2009-04-16,面巢,0
2009-04-17,面巢,0
2009-04-18,面巢,0
2009-04-19,面巢,0
2009-04-20,面巢,29.5
2009-04-21,面巢,0.5
2009-04-22,面巢,0
2009-04-23,面巢,0
2009-04-24,面巢,2
2009-04-25,面巢,1.1
2009-04-26,面巢,0.3
2009-04-27,面巢,0.2
2009-04-28,面巢,0.1
2009-04-29,面巢,0
2009-04-30,面巢,0
2009-05-01,面巢,0
2009-05-02,面巢,5
2009-05-03,面巢,1
2009-05-04,面巢,0
2009-05-05,面巢,0
2009-05-06,面巢,0
2009-05-07,面巢,0
2009-05-08,面巢,0
2009-05-09,面巢,0
2009-05-10,面巢,0
2009-05-11,面巢,3.2
2009-05-12,面巢,13.4
2009-05-13,面巢,0
2009-05-14,面巢,0
2009-05-15,面巢,2.1
2009-05-16,面巢,71.1
2009-05-17,面巢,2.1
2009-05-18,面巢,0
2009-05-19,面巢,0
2009-05-20,面巢,1.1
2009-05-21,面巢,28.6
2009-05-22,面巢,0.1
2009-05-23,面巢,0.5
2009-05-24,面巢,0
2009-05-25,面巢,0
2009-05-26,面巢,0
2009-05-27,面巢,0
2009-05-28,面巢,0
2009-05-29,面巢,0
2009-05-30,面巢,0
2009-05-31,面巢,0
2009-06-01,面巢,0
2009-06-02,面巢,1.8
2009-06-03,面巢,15.7
2009-06-04,面巢,0
2009-06-05,面巢,0
2009-06-06,面巢,1.1
2009-06-07,面巢,0
2009-06-08,面巢,0
2009-06-09,面巢,7.9
2009-06-10,面巢,7.6
2009-06-11,面巢,0
2009-06-12,面巢,0.1
2009-06-13,面巢,0
2009-06-14,面巢,0.5
2009-06-15,面巢,0
2009-06-16,面巢,0
2009-06-17,面巢,0
2009-06-18,面巢,0
2009-06-19,面巢,0
2009-06-20,面巢,40.4
2009-06-21,面巢,0.3
2009-06-22,面巢,7.4
2009-06-23,面巢,0
2009-06-24,面巢,0
2009-06-25,面巢,0
2009-06-26,面巢,0
2009-06-27,面巢,0
2009-06-28,面巢,0.2
2009-06-29,面巢,11.3
2009-06-30,面巢,0.7
2009-07-01,面巢,0
2009-07-02,面巢,9.5
2009-07-03,面巢,0
2009-07-04,面巢,1
2009-07-05,面巢,0
2009-07-06,面巢,0
2009-07-07,面巢,24.9
2009-07-08,面巢,0.8
2009-07-09,面巢,63.7
2009-07-10,面巢,0
2009-07-11,面巢,8.9
2009-07-12,面巢,82.8
2009-07-13,面巢,22.9
2009-07-14,面巢,80.9
2009-07-15,面巢,10.7
2009-07-16,面巢,9
2009-07-17,面巢,19.9
2009-07-18,面巢,11.8
2009-07-19,面巢,5.1
2009-07-20,面巢,1.4
2009-07-21,面巢,27.5
2009-07-22,面巢,0
2009-07-23,面巢,2.3
2009-07-24,面巢,0.5
2009-07-25,面巢,1.5
2009-07-26,面巢,0.7
2009-07-27,面巢,1.4
2009-07-28,面巢,0.7
2009-07-29,面巢,0.7
2009-07-30,面巢,0
2009-07-31,面巢,0.4
2009-08-01,面巢,0
2009-08-02,面巢,0.1
2009-08-03,面巢,0
2009-08-04,面巢,0
2009-08-05,面巢,0
2009-08-06,面巢,5.2
2009-08-07,面巢,9.2
2009-08-08,面巢,6.8
2009-08-09,面巢,0
2009-08-10,面巢,0
2009-08-11,面巢,28.9
2009-08-12,面巢,41.8
2009-08-13,面巢,2.7
2009-08-14,面巢,0
2009-08-15,面巢,0
2009-08-16,面巢,0
2009-08-17,面巢,2.6
2009-08-18,面巢,0.1
2009-08-19,面巢,0.1
2009-08-20,面巢,26.8
2009-08-21,面巢,0
2009-08-22,面巢,0
2009-08-23,面巢,0
2009-08-24,面巢,0
2009-08-25,面巢,0
2009-08-26,面巢,0
2009-08-27,面巢,21.3
2009-08-28,面巢,0
2009-08-29,面巢,0
2009-08-30,面巢,18.8
2009-08-31,面巢,0
2009-09-01,面巢,0
2009-09-02,面巢,0
2009-09-03,面巢,0
2009-09-04,面巢,0
2009-09-05,面巢,0
2009-09-06,面巢,0
2009-09-07,面巢,0
2009-09-08,面巢,0
2009-09-09,面巢,0
2009-09-10,面巢,0
2009-09-11,面巢,1.1
2009-09-12,面巢,5.2
2009-09-13,面巢,0
2009-09-14,面巢,0.6
2009-09-15,面巢,0
2009-09-16,面巢,0
2009-09-17,面巢,0
2009-09-18,面巢,0
2009-09-19,面巢,0
2009-09-20,面巢,0
2009-09-21,面巢,2.8
2009-09-22,面巢,0
2009-09-23,面巢,0
2009-09-24,面巢,0
2009-09-25,面巢,0
2009-09-26,面巢,0
2009-09-27,面巢,12.3
2009-09-28,面巢,9.5
2009-09-29,面巢,0
2009-09-30,面巢,0
2009-10-01,面巢,0
2009-10-02,面巢,0
2009-10-03,面巢,1.6
2009-10-04,面巢,0
2009-10-05,面巢,0
2009-10-06,面巢,0
2009-10-07,面巢,0
2009-10-08,面巢,0
2009-10-09,面巢,0
2009-10-10,面巢,0
2009-10-11,面巢,0
2009-10-12,面巢,0
2009-10-13,面巢,15
2009-10-14,面巢,0.5
2009-10-15,面巢,0
2009-10-16,面巢,0
2009-10-17,面巢,11.6
2009-10-18,面巢,0
2009-10-19,面巢,1.2
2009-10-20,面巢,0
2009-10-21,面巢,0
2009-10-22,面巢,0
2009-10-23,面巢,0
2009-10-24,面巢,0
2009-10-25,面巢,0
2009-10-26,面巢,0
2009-10-27,面巢,0
2009-10-28,面巢,0
2009-10-29,面巢,0
2009-10-30,面巢,0
2009-10-31,面巢,9.5
2009-11-01,面巢,5.6
2009-11-02,面巢,0
2009-11-03,面巢,0
2009-11-04,面巢,0
2009-11-05,面巢,0.1
2009-11-06,面巢,0
2009-11-07,面巢,0
2009-11-08,面巢,29.3
2009-11-09,面巢,0
2009-11-10,面巢,0
2009-11-11,面巢,0
2009-11-12,面巢,0
2009-11-13,面巢,1.4
2009-11-14,面巢,0.8
2009-11-15,面巢,0.9
2009-11-16,面巢,0
2009-11-17,面巢,0
2009-11-18,面巢,0
2009-11-19,面巢,0
2009-11-20,面巢,0.8
2009-11-21,面巢,0.2
2009-11-22,面巢,0
2009-11-23,面巢,0
2009-11-24,面巢,0
2009-11-25,面巢,2.2
2009-11-26,面巢,0
2009-11-27,面巢,0
2009-11-28,面巢,0
2009-11-29,面巢,5.7
2009-11-30,面巢,0
2009-12-01,面巢,0
2009-12-02,面巢,0
2009-12-03,面巢,1.5
2009-12-04,面巢,0
2009-12-05,面巢,10.4
2009-12-06,面巢,0
2009-12-07,面巢,0
2009-12-08,面巢,0
2009-12-09,面巢,2.3
2009-12-10,面巢,14.2
2009-12-11,面巢,0.8
2009-12-12,面巢,0.1
2009-12-13,面巢,0
2009-12-14,面巢,0
2009-12-15,面巢,0
2009-12-16,面巢,2.1
2009-12-17,面巢,1.9
2009-12-18,面巢,0.6
2009-12-19,面巢,1.2
2009-12-20,面巢,1.2
2009-12-21,面巢,0
2009-12-22,面巢,0
2009-12-23,面巢,0.2
2009-12-24,面巢,0
2009-12-25,面巢,1.5
2009-12-26,面巢,0.2
2009-12-27,面巢,0.8
2009-12-28,面巢,0.4
2009-12-29,面巢,0
2009-12-30,面巢,2.6
2009-12-31,面巢,1.1
2010-01-01,面巢,0
2010-01-02,面巢,0.1
2010-01-03,面巢,0
2010-01-04,面巢,5.1
2010-01-05,面巢,1.6
2010-01-06,面巢,1.3
2010-01-07,面巢,0.2
2010-01-08,面巢,0
2010-01-09,面巢,0.2
2010-01-10,面巢,0
2010-01-11,面巢,0
2010-01-12,面巢,0
2010-01-13,面巢,0.6
2010-01-14,面巢,0.1
2010-01-15,面巢,0.5
2010-01-16,面巢,0
2010-01-17,面巢,0
2010-01-18,面巢,0
2010-01-19,面巢,0
2010-01-20,面巢,22.1
2010-01-21,面巢,1.7
2010-01-22,面巢,0
2010-01-23,面巢,0.1
2010-01-24,面巢,0
2010-01-25,面巢,0
2010-01-26,面巢,0
2010-01-27,面巢,5.8
2010-01-28,面巢,0
2010-01-29,面巢,0
2010-01-30,面巢,0
2010-01-31,面巢,0
2010-02-01,面巢,0
2010-02-02,面巢,0
2010-02-03,面巢,0
2010-02-04,面巢,0.5
2010-02-05,面巢,0
2010-02-06,面巢,0
2010-02-07,面巢,0
2010-02-08,面巢,1.9
2010-02-09,面巢,7.1
2010-02-10,面巢,5.8
2010-02-11,面巢,15.9
2010-02-12,面巢,1.1
2010-02-13,面巢,0
2010-02-14,面巢,0
2010-02-15,面巢,0
2010-02-16,面巢,0
2010-02-17,面巢,1.3
2010-02-18,面巢,0.5
2010-02-19,面巢,0
2010-02-20,面巢,0
2010-02-21,面巢,0
2010-02-22,面巢,0
2010-02-23,面巢,0
2010-02-24,面巢,0
2010-02-25,面巢,33.1
2010-02-26,面巢,0.1
2010-02-27,面巢,1.9
2010-02-28,面巢,0
2010-03-01,面巢,18.9
2010-03-02,面巢,0.2
2010-03-03,面巢,0
2010-03-04,面巢,1.6
2010-03-05,面巢,3.8
2010-03-06,面巢,0.8
2010-03-07,面巢,0
2010-03-08,面巢,0
2010-03-09,面巢,6.5
2010-03-10,面巢,2.2
2010-03-11,面巢,0
2010-03-12,面巢,0
2010-03-13,面巢,0
2010-03-14,面巢,0.2
2010-03-15,面巢,12.1
2010-03-16,面巢,0
2010-03-17,面巢,4.2
2010-03-18,面巢,3.2
2010-03-19,面巢,0
2010-03-20,面巢,0.9
2010-03-21,面巢,0
2010-03-22,面巢,0.3
2010-03-23,面巢,0
2010-03-24,面巢,0
2010-03-25,面巢,0.3
2010-03-26,面巢,0
2010-03-27,面巢,0
2010-03-28,面巢,0
2010-03-29,面巢,0
2010-03-30,面巢,0
2010-03-31,面巢,26.1
2010-04-01,面巢,10.4
2010-04-02,面巢,0
2010-04-03,面巢,0
2010-04-04,面巢,0
2010-04-05,面巢,0
2010-04-06,面巢,0
2010-04-07,面巢,0
2010-04-08,面巢,0
2010-04-09,面巢,0
2010-04-10,面巢,0
2010-04-11,面巢,0
2010-04-12,面巢,3.4
2010-04-13,面巢,2.6
2010-04-14,面巢,0.1
2010-04-15,面巢,0
2010-04-16,面巢,0
2010-04-17,面巢,0
2010-04-18,面巢,0.1
2010-04-19,面巢,0
2010-04-20,面巢,0
2010-04-21,面巢,4.4
2010-04-22,面巢,4.2
2010-04-23,面巢,0.8
2010-04-24,面巢,0
2010-04-25,面巢,0
2010-04-26,面巢,26.6
2010-04-27,面巢,1.4
2010-04-28,面巢,8.7
2010-04-29,面巢,0.2
2010-04-30,面巢,0
2010-05-01,面巢,0
2010-05-02,面巢,0
2010-05-03,面巢,0
2010-05-04,面巢,0
2010-05-05,面巢,0.2
2010-05-06,面巢,8.1
2010-05-07,面巢,0
2010-05-08,面巢,0
2010-05-09,面巢,0
2010-05-10,面巢,0
2010-05-11,面巢,0
2010-05-12,面巢,0
2010-05-13,面巢,0
2010-05-14,面巢,0
2010-05-15,面巢,0
2010-05-16,面巢,0
2010-05-17,面巢,9.7
2010-05-18,面巢,48.3
2010-05-19,面巢,0.5
2010-05-20,面巢,0
2010-05-21,面巢,0
2010-05-22,面巢,27.7
2010-05-23,面巢,22.4
2010-05-24,面巢,6.5
2010-05-25,面巢,2.6
2010-05-26,面巢,0
2010-05-27,面巢,0
2010-05-28,面巢,0
2010-05-29,面巢,0
2010-05-30,面巢,0
2010-05-31,面巢,0
2010-06-01,面巢,0
2010-06-02,面巢,0
2010-06-03,面巢,0
2010-06-04,面巢,0
2010-06-05,面巢,0
2010-06-06,面巢,3.4
2010-06-07,面巢,0
2010-06-08,面巢,0
2010-06-09,面巢,0
2010-06-10,面巢,0
2010-06-11,面巢,1.8
2010-06-12,面巢,13.9
2010-06-13,面巢,3.1
2010-06-14,面巢,10.9
2010-06-15,面巢,0.2
2010-06-16,面巢,0.2
2010-06-17,面巢,0
2010-06-18,面巢,3
2010-06-19,面巢,1.8
2010-06-20,面巢,9.9
2010-06-21,面巢,0
2010-06-22,面巢,0
2010-06-23,面巢,0
2010-06-24,面巢,0
2010-06-25,面巢,1.1
2010-06-26,面巢,2.7
2010-06-27,面巢,5.2
2010-06-28,面巢,0
2010-06-29,面巢,0
2010-06-30,面巢,1
2010-07-01,面巢,0.7
2010-07-02,面巢,19.3
2010-07-03,面巢,1.7
2010-07-04,面巢,0.7
2010-07-05,面巢,0.6
2010-07-06,面巢,0
2010-07-07,面巢,0
2010-07-08,面巢,0.6
2010-07-09,面巢,0.1
2010-07-10,面巢,0
2010-07-11,面巢,25.7
2010-07-12,面巢,1.5
2010-07-13,面巢,0
2010-07-14,面巢,0.1
2010-07-15,面巢,0.1
2010-07-16,面巢,44.8
2010-07-17,面巢,67.6
2010-07-18,面巢,0
2010-07-19,面巢,0
2010-07-20,面巢,0
2010-07-21,面巢,0
2010-07-22,面巢,0.1
2010-07-23,面巢,116.8
2010-07-24,面巢,11.9
2010-07-25,面巢,10.3
2010-07-26,面巢,0
2010-07-27,面巢,0.8
2010-07-28,面巢,7.3
2010-07-29,面巢,0.2
2010-07-30,面巢,0
2010-07-31,面巢,0
2010-08-01,面巢,0
2010-08-02,面巢,0.6
2010-08-03,面巢,0.1
2010-08-04,面巢,3.8
2010-08-05,面巢,4.3
2010-08-06,面巢,9.7
2010-08-07,面巢,0.8
2010-08-08,面巢,2.2
2010-08-09,面巢,0
2010-08-10,面巢,39.1
2010-08-11,面巢,8.8
2010-08-12,面巢,17.2
2010-08-13,面巢,69.3
2010-08-14,面巢,45.2
2010-08-15,面巢,50.4
2010-08-16,面巢,21.9
2010-08-17,面巢,9.2
2010-08-18,面巢,36.9
2010-08-19,面巢,0.4
2010-08-20,面巢,0
2010-08-21,面巢,0
2010-08-22,面巢,0.1
2010-08-23,面巢,8.1
2010-08-24,面巢,16.3
2010-08-25,面巢,12.6
2010-08-26,面巢,2
2010-08-27,面巢,0
2010-08-28,面巢,11.9
2010-08-29,面巢,73.4
2010-08-30,面巢,2.8
2010-08-31,面巢,57.4
2010-09-01,面巢,15.3
2010-09-02,面巢,21.1
2010-09-03,面巢,12.2
2010-09-04,面巢,0
2010-09-05,面巢,15.7
2010-09-06,面巢,4.8
2010-09-07,面巢,0.6
2010-09-08,面巢,0.5
2010-09-09,面巢,3.7
2010-09-10,面巢,6.3
2010-09-11,面巢,71
2010-09-12,面巢,53.1
2010-09-13,面巢,0
2010-09-14,面巢,0.4
2010-09-15,面巢,0
2010-09-16,面巢,0
2010-09-17,面巢,0
2010-09-18,面巢,0
2010-09-19,面巢,1.7
2010-09-20,面巢,15.6
2010-09-21,面巢,8.4
2010-09-22,面巢,6
2010-09-23,面巢,0
2010-09-24,面巢,0
2010-09-25,面巢,0
2010-09-26,面巢,0
2010-09-27,面巢,0
2010-09-28,面巢,2
2010-09-29,面巢,0
2010-09-30,面巢,0
2010-10-01,面巢,0
2010-10-02,面巢,10.9
2010-10-03,面巢,5.1
2010-10-04,面巢,3.5
2010-10-05,面巢,0
2010-10-06,面巢,0
2010-10-07,面巢,0
2010-10-08,面巢,0.7
2010-10-09,面巢,0
2010-10-10,面巢,0
2010-10-11,面巢,0
2010-10-12,面巢,0
2010-10-13,面巢,0
2010-10-14,面巢,0
2010-10-15,面巢,0
2010-10-16,面巢,0.3
2010-10-17,面巢,0
2010-10-18,面巢,0
2010-10-19,面巢,0
2010-10-20,面巢,0
2010-10-21,面巢,0
2010-10-22,面巢,0
2010-10-23,面巢,0
2010-10-24,面巢,0.5
2010-10-25,面巢,0
2010-10-26,面巢,0
2010-10-27,面巢,0
2010-10-28,面巢,0
2010-10-29,面巢,0
2010-10-30,面巢,0
2010-10-31,面巢,0
2010-11-01,面巢,0
2010-11-02,面巢,0
2010-11-03,面巢,0
2010-11-04,面巢,0
2010-11-05,面巢,0
2010-11-06,面巢,0
2010-11-07,面巢,0.4
2010-11-08,面巢,3.3
2010-11-09,面巢,0.3
2010-11-10,面巢,0
2010-11-11,面巢,3.2
2010-11-12,面巢,0
2010-11-13,面巢,0
2010-11-14,面巢,0
2010-11-15,面巢,0
2010-11-16,面巢,0.1
2010-11-17,面巢,0
2010-11-18,面巢,0
2010-11-19,面巢,0
2010-11-20,面巢,0
2010-11-21,面巢,0
2010-11-22,面巢,1.2
2010-11-23,面巢,0
2010-11-24,面巢,0
2010-11-25,面巢,0.1
2010-11-26,面巢,0
2010-11-27,面巢,2.9
2010-11-28,面巢,1
2010-11-29,面巢,3.3
2010-11-30,面巢,0.3
2010-12-01,面巢,0
2010-12-02,面巢,1.2
2010-12-03,面巢,0.4
2010-12-04,面巢,0
2010-12-05,面巢,0
2010-12-06,面巢,0
2010-12-07,面巢,0
2010-12-08,面巢,4.3
2010-12-09,面巢,0
2010-12-10,面巢,0.4
2010-12-11,面巢,0
2010-12-12,面巢,0
2010-12-13,面巢,5
2010-12-14,面巢,0
2010-12-15,面巢,0.6
2010-12-16,面巢,0.1
2010-12-17,面巢,2
2010-12-18,面巢,0
2010-12-19,面巢,0
2010-12-20,面巢,0
2010-12-21,面巢,0
2010-12-22,面巢,0
2010-12-23,面巢,0
2010-12-24,面巢,0
2010-12-25,面巢,2.3
2010-12-26,面巢,4
2010-12-27,面巢,1.7
2010-12-28,面巢,5.5
2010-12-29,面巢,0.9
2010-12-30,面巢,3.9
2010-12-31,面巢,0.1
2011-01-01,面巢,0
2011-01-02,面巢,0
2011-01-03,面巢,0
2011-01-04,面巢,0
2011-01-05,面巢,0.1
2011-01-06,面巢,0
2011-01-07,面巢,0
2011-01-08,面巢,0
2011-01-09,面巢,0
2011-01-10,面巢,0
2011-01-11,面巢,1.3
2011-01-12,面巢,0
2011-01-13,面巢,0
2011-01-14,面巢,0.1
2011-01-15,面巢,0.2
2011-01-16,面巢,0
2011-01-17,面巢,0
2011-01-18,面巢,0.1
2011-01-19,面巢,0.2
2011-01-20,面巢,0.1
2011-01-21,面巢,0
2011-01-22,面巢,0
2011-01-23,面巢,2
2011-01-24,面巢,1.1
2011-01-25,面巢,0
2011-01-26,面巢,0
2011-01-27,面巢,0
2011-01-28,面巢,0
2011-01-29,面巢,1.1
2011-01-30,面巢,0.3
2011-01-31,面巢,0
2011-02-01,面巢,0
2011-02-02,面巢,0
2011-02-03,面巢,0
2011-02-04,面巢,0
2011-02-05,面巢,0
2011-02-06,面巢,0
2011-02-07,面巢,0
2011-02-08,面巢,0.1
2011-02-09,面巢,0
2011-02-10,面巢,0
2011-02-11,面巢,0
2011-02-12,面巢,0
2011-02-13,面巢,0
2011-02-14,面巢,0
2011-02-15,面巢,0
2011-02-16,面巢,0.7
2011-02-17,面巢,2.2
2011-02-18,面巢,0
2011-02-19,面巢,0
2011-02-20,面巢,0
2011-02-21,面巢,0
2011-02-22,面巢,0
2011-02-23,面巢,0
2011-02-24,面巢,0
2011-02-25,面巢,0
2011-02-26,面巢,0
2011-02-27,面巢,44.5
2011-02-28,面巢,2.2
2011-03-01,面巢,2.7
2011-03-02,面巢,0
2011-03-03,面巢,0
2011-03-04,面巢,0
2011-03-05,面巢,0
2011-03-06,面巢,0
2011-03-07,面巢,0
2011-03-08,面巢,0
2011-03-09,面巢,0
2011-03-10,面巢,0
2011-03-11,面巢,0
2011-03-12,面巢,0
2011-03-13,面巢,0
2011-03-14,面巢,0
2011-03-15,面巢,0
2011-03-16,面巢,0
2011-03-17,面巢,0
2011-03-18,面巢,0
2011-03-19,面巢,0
2011-03-20,面巢,13.9
2011-03-21,面巢,0
2011-03-22,面巢,0
2011-03-23,面巢,0
2011-03-24,面巢,6.7
2011-03-25,面巢,0
2011-03-26,面巢,0
2011-03-27,面巢,0
2011-03-28,面巢,0
2011-03-29,面巢,0
2011-03-30,面巢,0
2011-03-31,面巢,0
2011-04-01,面巢,0
2011-04-02,面巢,0.4
2011-04-03,面巢,1.8
2011-04-04,面巢,0
2011-04-05,面巢,0
2011-04-06,面巢,0.3
2011-04-07,面巢,15.5
2011-04-08,面巢,0.2
2011-04-09,面巢,0
2011-04-10,面巢,1.5
2011-04-11,面巢,2.3
2011-04-12,面巢,0
2011-04-13,面巢,0
2011-04-14,面巢,0
2011-04-15,面巢,0.1
2011-04-16,面巢,0
2011-04-17,面巢,0
2011-04-18,面巢,0.3
2011-04-19,面巢,0
2011-04-20,面巢,0
2011-04-21,面巢,0.2
2011-04-22,面巢,19
2011-04-23,面巢,0
2011-04-24,面巢,0
2011-04-25,面巢,0.2
2011-04-26,面巢,1.8
2011-04-27,面巢,0.1
2011-04-28,面巢,0.2
2011-04-29,面巢,0.7
2011-04-30,面巢,56.3
2011-05-01,面巢,2
2011-05-02,面巢,0
2011-05-03,面巢,0
2011-05-04,面巢,0
2011-05-05,面巢,0
2011-05-06,面巢,0.4
2011-05-07,面巢,0.1
2011-05-08,面巢,0
2011-05-09,面巢,0.8
2011-05-10,面巢,47.3
2011-05-11,面巢,37.7
2011-05-12,面巢,2.5
2011-05-13,面巢,0
2011-05-14,面巢,0
2011-05-15,面巢,0
2011-05-16,面巢,0
2011-05-17,面巢,0
2011-05-18,面巢,0
2011-05-19,面巢,0
2011-05-20,面巢,6.7
2011-05-21,面巢,7
2011-05-22,面巢,0
2011-05-23,面巢,0
2011-05-24,面巢,0
2011-05-25,面巢,0
2011-05-26,面巢,7.4
2011-05-27,面巢,0
2011-05-28,面巢,0
2011-05-29,面巢,0
2011-05-30,面巢,0
2011-05-31,面巢,1.6
2011-06-01,面巢,16.7
2011-06-02,面巢,0
2011-06-03,面巢,0
2011-06-04,面巢,0
2011-06-05,面巢,0.1
2011-06-06,面巢,0
2011-06-07,面巢,0
2011-06-08,面巢,0
2011-06-09,面巢,0.1
2011-06-10,面巢,0
2011-06-11,面巢,0
2011-06-12,面巢,0
2011-06-13,面巢,0.2
2011-06-14,面巢,0
2011-06-15,面巢,0
2011-06-16,面巢,0
2011-06-17,面巢,0.1
2011-06-18,面巢,0.1
2011-06-19,面巢,0
2011-06-20,面巢,0
2011-06-21,面巢,0
2011-06-22,面巢,15.7
2011-06-23,面巢,27.7
2011-06-24,面巢,134.2
2011-06-25,面巢,57.7
2011-06-26,面巢,10.8
2011-06-27,面巢,7.6
2011-06-28,面巢,6.4
2011-06-29,面巢,51.6
2011-06-30,面巢,12.9
2011-07-01,面巢,0.6
2011-07-02,面巢,5.8
2011-07-03,面巢,56.8
2011-07-04,面巢,0.9
2011-07-05,面巢,0
2011-07-06,面巢,0
2011-07-07,面巢,35.7
2011-07-08,面巢,55
2011-07-09,面巢,19.2
2011-07-10,面巢,109.5
2011-07-11,面巢,75.7
2011-07-12,面巢,80.7
2011-07-13,面巢,3.9
2011-07-14,面巢,20.6
2011-07-15,面巢,13.6
2011-07-16,面巢,3.9
2011-07-17,面巢,0.1
2011-07-18,面巢,0
2011-07-19,面巢,0
2011-07-20,面巢,0
2011-07-21,面巢,3.5
2011-07-22,面巢,6.9
2011-07-23,面巢,1.4
2011-07-24,面巢,56.5
2011-07-25,面巢,2.1
2011-07-26,面巢,6.4
2011-07-27,面巢,22.2
2011-07-28,面巢,2.6
2011-07-29,面巢,19
2011-07-30,面巢,2.7
2011-07-31,面巢,33.8
2011-08-01,面巢,26.8
2011-08-02,面巢,0
2011-08-03,面巢,6
2011-08-04,面巢,0.4
2011-08-05,面巢,0
2011-08-06,面巢,0.1
2011-08-07,面巢,28.6
2011-08-08,面巢,20.1
2011-08-09,面巢,45
2011-08-10,面巢,42.5
2011-08-11,面巢,24.3
2011-08-12,面巢,22.5
2011-08-13,面巢,6.9
2011-08-14,面巢,3.4
2011-08-15,面巢,0
2011-08-16,面巢,14.1
2011-08-17,面巢,89.3
2011-08-18,面巢,3.3
2011-08-19,面巢,0.5
2011-08-20,面巢,9.2
2011-08-21,面巢,0
2011-08-22,面巢,0
2011-08-23,面巢,0
2011-08-24,面巢,1.5
2011-08-25,面巢,0.7
2011-08-26,面巢,0.3
2011-08-27,面巢,0.2
2011-08-28,面巢,0
2011-08-29,面巢,0
2011-08-30,面巢,0.2
2011-08-31,面巢,0
2011-09-01,面巢,0
2011-09-02,面巢,0
2011-09-03,面巢,0
2011-09-04,面巢,0
2011-09-05,面巢,0
2011-09-06,面巢,0
2011-09-07,面巢,0
2011-09-08,面巢,0.3
2011-09-09,面巢,1.7
2011-09-10,面巢,9.8
2011-09-11,面巢,47.2
2011-09-12,面巢,1.9
2011-09-13,面巢,0
2011-09-14,面巢,0
2011-09-15,面巢,0
2011-09-16,面巢,0
2011-09-17,面巢,9.6
2011-09-18,面巢,0.4
2011-09-19,面巢,0.3
2011-09-20,面巢,0
2011-09-21,面巢,0
2011-09-22,面巢,0
2011-09-23,面巢,0
2011-09-24,面巢,0
2011-09-25,面巢,0
2011-09-26,面巢,0
2011-09-27,面巢,0
2011-09-28,面巢,0
2011-09-29,面巢,20.1
2011-09-30,面巢,0
2011-10-01,面巢,0
2011-10-02,面巢,0
2011-10-03,面巢,0
2011-10-04,面巢,0
2011-10-05,面巢,0
2011-10-06,面巢,0
2011-10-07,面巢,0
2011-10-08,面巢,0
2011-10-09,面巢,0
2011-10-10,面巢,0
2011-10-11,面巢,0
2011-10-12,面巢,0
2011-10-13,面巢,0
2011-10-14,面巢,6.4
2011-10-15,面巢,5.8
2011-10-16,面巢,0.8
2011-10-17,面巢,0
2011-10-18,面巢,0
2011-10-19,面巢,0
2011-10-20,面巢,0
2011-10-21,面巢,1.1
2011-10-22,面巢,9.6
2011-10-23,面巢,0
2011-10-24,面巢,0.6
2011-10-25,面巢,0
2011-10-26,面巢,0
2011-10-27,面巢,0
2011-10-28,面巢,0
2011-10-29,面巢,3.1
2011-10-30,面巢,0
2011-10-31,面巢,0
2011-11-01,面巢,0
2011-11-02,面巢,0
2011-11-03,面巢,0
2011-11-04,面巢,3.4
2011-11-05,面巢,8.6
2011-11-06,面巢,4.2
2011-11-07,面巢,0
2011-11-08,面巢,0.1
2011-11-09,面巢,0.3
2011-11-10,面巢,0.3
2011-11-11,面巢,2.6
2011-11-12,面巢,0
2011-11-13,面巢,0
2011-11-14,面巢,0
2011-11-15,面巢,0
2011-11-16,面巢,0
2011-11-17,面巢,1.1
2011-11-18,面巢,8.5
2011-11-19,面巢,0.9
2011-11-20,面巢,0
2011-11-21,面巢,0
2011-11-22,面巢,0.1
2011-11-23,面巢,6.7
2011-11-24,面巢,0
2011-11-25,面巢,0
2011-11-26,面巢,0
2011-11-27,面巢,0
2011-11-28,面巢,0
2011-11-29,面巢,0.1
2011-11-30,面巢,34.2
2011-12-01,面巢,0.2
2011-12-02,面巢,0.2
2011-12-03,面巢,3.2
2011-12-04,面巢,0
2011-12-05,面巢,0
2011-12-06,面巢,0
2011-12-07,面巢,0
2011-12-08,面巢,0
2011-12-09,面巢,1
2011-12-10,面巢,1.5
2011-12-11,面巢,0
2011-12-12,面巢,0
2011-12-13,面巢,0
2011-12-14,面巢,0.2
2011-12-15,面巢,0.1
2011-12-16,面巢,0.8
2011-12-17,面巢,0
2011-12-18,面巢,0
2011-12-19,面巢,0
2011-12-20,面巢,0
2011-12-21,面巢,0.3
2011-12-22,面巢,0.2
2011-12-23,面巢,0.3
2011-12-24,面巢,1.8
2011-12-25,面巢,0
2011-12-26,面巢,0
2011-12-27,面巢,0
2011-12-28,面巢,0.1
2011-12-29,面巢,0.3
2011-12-30,面巢,0
2011-12-31,面巢,0
